Country,Years,Guests (Thousands),Overnights (Thousands),hotel_guests (Thousands),hotel_overnights (Thousands)
ALBANIA,2000,,,133.0,228.0
ALBANIA,2001,,,136.0,303.0
ALBANIA,2002,,,135.0,389.0
ALBANIA,2003,,,131.0,400.0
ALBANIA,2004,,,42.0,153.0
ALBANIA,2005,,,56.0,214.0
ALBANIA,2006,,,67.0,323.0
ALBANIA,2007,,,104.0,375.0
ALBANIA,2008,,,156.0,360.0
ALBANIA,2009,,,171.0,370.0
ALBANIA,2010,,,181.0,425.0
ALBANIA,2011,,,182.0,445.0
ALBANIA,2012,,,101.0,238.0
ALBANIA,2013,,,106.0,179.0
ALBANIA,2014,,,136.0,199.0
ALBANIA,2015,,,171.0,307.0
ALBANIA,2018,476.0,931.0,421.0,804.0
ALBANIA,2019,469.0,1104.0,430.0,1015.0
ALBANIA,2020,372.0,800.0,350.0,730.0
ALBANIA,2021,546.0,1155.0,517.0,1077.0
ALBANIA,2022,683.0,1339.0,644.0,1238.0
ALGERIA,2000,,,,2603.0
ALGERIA,2001,,,,4028.0
ALGERIA,2002,,,,2959.0
ALGERIA,2003,,,,3948.0
ALGERIA,2004,,,,4149.0
ALGERIA,2005,,,,4222.0
ALGERIA,2006,,,,4376.0
ALGERIA,2007,,,,4546.0
ALGERIA,2008,,,,4751.0
ALGERIA,2009,,,,4971.0
ALGERIA,2010,,,,5185.0
ALGERIA,2011,,,,5484.0
ALGERIA,2012,,,,5704.0
ALGERIA,2013,,,,5927.0
ALGERIA,2014,,,,6216.0
ALGERIA,2015,,,3773.0,6307.0
ALGERIA,2016,,,3731.0,6284.0
ALGERIA,2017,,,3634.0,6091.0
ALGERIA,2018,,,3679.0,6221.0
ALGERIA,2019,,,3719.0,6290.0
ALGERIA,2020,,,1389.0,2161.0
ALGERIA,2022,,,2848.0,4980.0
ANGOLA,2000,,11.0,,
ANGOLA,2001,,11.0,,
ANGOLA,2002,,133.0,,34.0
ANGOLA,2003,,124.0,,78.0
ANGOLA,2004,90.0,87.0,48.0,61.0
ANGOLA,2005,86.0,124.0,47.0,72.0
ANGOLA,2006,53.0,79.0,36.0,54.0
ANGOLA,2007,94.0,118.0,59.0,73.0
ANGOLA,2008,124.0,139.0,28.0,41.0
ANGOLA,2009,332.0,1088.0,96.0,451.0
ANGOLA,2010,397.0,1297.0,152.0,758.0
ANGOLA,2011,373.0,1251.0,251.0,688.0
ANGOLA,2012,413.0,1347.0,281.0,734.0
ANGOLA,2013,496.0,1475.0,337.0,754.0
ANGOLA,2014,574.0,1810.0,369.0,992.0
ANGOLA,2015,726.0,1971.0,264.0,870.0
ANGOLA,2016,376.0,1534.0,130.0,953.0
ANGOLA,2017,365.0,1470.0,111.0,835.0
ANGOLA,2018,715.0,1678.0,264.0,707.0
ANGOLA,2019,741.0,1030.0,240.0,415.0
ANGOLA,2020,265.0,378.0,196.0,257.0
ANGOLA,2021,299.0,554.0,216.0,359.0
ANGOLA,2022,719.0,1488.0,421.0,975.0
ARGENTINA,2005,,,11813.0,28569.0
ARGENTINA,2006,,,,32965.0
ARGENTINA,2007,,,15088.0,35608.0
ARGENTINA,2008,,,14674.0,34278.0
ARGENTINA,2009,,,13588.0,31043.0
ARGENTINA,2010,,,14530.0,34447.0
ARGENTINA,2011,,,15248.0,35992.0
ARGENTINA,2012,,277046.0,15384.0,36611.0
ARGENTINA,2013,,284238.0,14993.0,35368.0
ARGENTINA,2014,,260403.0,15078.0,36096.0
ARGENTINA,2015,,266614.0,15708.0,37569.0
ARGENTINA,2016,,241051.0,15523.0,37006.0
ARGENTINA,2017,,264333.0,16763.0,38521.0
ARGENTINA,2018,,238463.0,16330.0,38572.0
ARGENTINA,2019,,228299.0,16289.0,38239.0
ARGENTINA,2020,,121155.0,4669.0,13313.0
ARGENTINA,2021,,146627.0,10389.0,26314.0
ARGENTINA,2022,,236708.0,16604.0,42041.0
ARMENIA,2001,,468.0,,
ARMENIA,2002,,726.0,,
ARMENIA,2003,,975.0,,
ARMENIA,2004,,1200.0,,
ARMENIA,2005,,1350.0,,
ARMENIA,2006,,1540.0,,308.0
ARMENIA,2007,,2583.0,,
ARMENIA,2008,,3129.0,,
ARMENIA,2009,,3924.0,,
ARMENIA,2010,,5875.0,,
ARMENIA,2011,,5868.0,,
ARMENIA,2012,,6180.0,,
ARMENIA,2013,,8034.0,,
ARMENIA,2014,,10320.0,,
ARMENIA,2015,,10462.0,,
ARMENIA,2016,,11760.0,,
ARMENIA,2017,,13044.0,,
ARMENIA,2018,,13104.0,,
ARMENIA,2019,,18540.0,,
ARMENIA,2021,,19152.0,,
ARMENIA,2022,,19263.0,,
AUSTRALIA,2000,30612.0,100247.0,24999.0,71297.0
AUSTRALIA,2001,31318.0,102638.0,25747.0,74146.0
AUSTRALIA,2002,32142.0,103484.0,26005.0,73791.0
AUSTRALIA,2003,31521.0,106488.0,25926.0,75845.0
AUSTRALIA,2004,32527.0,107223.0,26964.0,78959.0
AUSTRALIA,2005,31020.0,103003.0,26196.0,77278.0
AUSTRALIA,2006,31863.0,106750.0,26685.0,77373.0
AUSTRALIA,2007,33944.0,114249.0,28271.0,83008.0
AUSTRALIA,2008,32806.0,107749.0,27387.0,78858.0
AUSTRALIA,2009,31155.0,103354.0,25667.0,73339.0
AUSTRALIA,2010,32347.0,105526.0,26628.0,74840.0
AUSTRALIA,2011,33229.0,106579.0,27513.0,77112.0
AUSTRALIA,2012,33258.0,104429.0,27421.0,74115.0
AUSTRALIA,2013,33937.0,104247.0,27896.0,74742.0
AUSTRALIA,2014,37067.0,116368.0,29635.0,82466.0
AUSTRALIA,2015,38505.0,118048.0,31072.0,83993.0
AUSTRALIA,2016,39336.0,123368.0,31837.0,87120.0
AUSTRALIA,2017,42752.0,127202.0,35251.0,91877.0
AUSTRALIA,2018,44390.0,135128.0,36591.0,99596.0
AUSTRALIA,2019,48492.0,146174.0,40088.0,105157.0
AUSTRALIA,2020,25177.0,82037.0,19102.0,54489.0
AUSTRALIA,2021,30856.0,103021.0,23403.0,69470.0
AUSTRALIA,2022,47026.0,151855.0,37727.0,110503.0
AUSTRIA,2000,8396.0,31153.0,5956.0,18031.0
AUSTRIA,2001,8714.0,31442.0,6262.0,18468.0
AUSTRIA,2002,8749.0,31013.0,6286.0,18356.0
AUSTRIA,2003,9056.0,31619.0,6437.0,18667.0
AUSTRIA,2004,9092.0,31329.0,6600.0,18850.0
AUSTRIA,2005,9385.0,31501.0,6896.0,19383.0
AUSTRIA,2006,9874.0,32130.0,7400.0,20278.0
AUSTRIA,2007,10367.0,33008.0,7875.0,21285.0
AUSTRIA,2008,10681.0,33879.0,8119.0,21902.0
AUSTRIA,2009,10961.0,34443.0,8323.0,22273.0
AUSTRIA,2010,11385.0,35024.0,8804.0,23029.0
AUSTRIA,2011,11617.0,35297.0,8966.0,23180.0
AUSTRIA,2012,12013.0,35964.0,9310.0,23762.0
AUSTRIA,2013,12034.0,35755.0,9366.0,23635.0
AUSTRIA,2014,12265.0,35668.0,9574.0,23482.0
AUSTRIA,2015,12697.0,36425.0,9862.0,23941.0
AUSTRIA,2016,13343.0,38014.0,10331.0,24841.0
AUSTRIA,2017,13619.0,38523.0,10576.0,24971.0
AUSTRIA,2018,14033.0,39390.0,10912.0,25559.0
AUSTRIA,2019,14312.0,39944.0,11144.0,25892.0
AUSTRIA,2020,9939.0,31596.0,7236.0,19243.0
AUSTRIA,2021,9416.0,29599.0,7042.0,18166.0
AUSTRIA,2022,13580.0,38881.0,10505.0,25111.0
AZERBAIJAN,2001,,,44.0,51.0
AZERBAIJAN,2002,,,56.0,117.0
AZERBAIJAN,2003,,,69.0,152.0
AZERBAIJAN,2004,,,114.0,415.0
AZERBAIJAN,2005,,,134.0,525.0
AZERBAIJAN,2006,,,141.0,558.0
AZERBAIJAN,2007,,,152.0,558.0
AZERBAIJAN,2008,,,207.0,724.0
AZERBAIJAN,2009,,,215.0,754.0
AZERBAIJAN,2010,,,226.0,790.0
AZERBAIJAN,2011,,,252.0,831.0
AZERBAIJAN,2012,,,253.0,838.0
AZERBAIJAN,2013,,,271.0,853.0
AZERBAIJAN,2014,,,280.0,885.0
AZERBAIJAN,2015,,,342.0,685.0
AZERBAIJAN,2016,,,345.0,719.0
AZERBAIJAN,2017,,,433.0,886.0
AZERBAIJAN,2018,,108552.0,515.0,953.0
AZERBAIJAN,2019,,117144.0,603.0,1104.0
AZERBAIJAN,2020,,24261.0,401.0,583.0
AZERBAIJAN,2021,,54443.0,901.0,1374.0
AZERBAIJAN,2022,,67304.0,789.0,1253.0
BAHRAIN,2016,76.0,103.0,55.0,103.0
BAHRAIN,2017,67.0,91.0,48.0,91.0
BAHRAIN,2018,117.0,145.0,86.0,145.0
BAHRAIN,2019,138.0,171.0,100.0,171.0
BAHRAIN,2020,134.0,345.0,,
BAHRAIN,2021,187.0,561.0,,
BELARUS,2000,1717.0,,1187.0,3375.0
BELARUS,2001,1742.0,,1109.0,3151.0
BELARUS,2002,1505.0,,862.0,2483.0
BELARUS,2003,1646.0,,989.0,2749.0
BELARUS,2004,1686.0,,1030.0,2926.0
BELARUS,2005,1702.0,,1084.0,3306.0
BELARUS,2006,1722.0,,1171.0,3649.0
BELARUS,2007,1751.0,,1184.0,3739.0
BELARUS,2008,1734.0,,1174.0,3624.0
BELARUS,2009,1636.0,,1098.0,3275.0
BELARUS,2010,1666.0,,1127.0,3172.0
BELARUS,2011,1768.0,10067.0,1144.0,3071.0
BELARUS,2012,1898.0,10383.0,1097.0,2902.0
BELARUS,2013,1907.0,10602.0,1065.0,2906.0
BELARUS,2014,2332.0,11612.0,998.0,2707.0
BELARUS,2015,2226.0,11146.0,918.0,2291.0
BELARUS,2016,2292.0,10946.0,885.0,2090.0
BELARUS,2017,2442.0,11350.0,888.0,2016.0
BELARUS,2018,2629.0,12477.0,970.0,2140.0
BELARUS,2019,2717.0,11910.0,965.0,2182.0
BELARUS,2020,2215.0,10562.0,751.0,1891.0
BELARUS,2021,2894.0,12746.0,1073.0,2386.0
BELARUS,2022,2888.0,12786.0,1101.0,2379.0
BELGIUM,2000,4267.0,13689.0,2048.0,4045.0
BELGIUM,2001,4355.0,13321.0,2093.0,4057.0
BELGIUM,2002,4333.0,13177.0,2103.0,4091.0
BELGIUM,2003,4382.0,13089.0,2119.0,4061.0
BELGIUM,2004,4448.0,12950.0,2208.0,4090.0
BELGIUM,2005,4572.0,12827.0,2364.0,4313.0
BELGIUM,2006,4806.0,13332.0,2596.0,4737.0
BELGIUM,2007,5068.0,13578.0,2877.0,5220.0
BELGIUM,2008,5265.0,13611.0,3081.0,5422.0
BELGIUM,2009,5431.0,13803.0,3218.0,5606.0
BELGIUM,2010,5802.0,14128.0,3601.0,6169.0
BELGIUM,2011,6124.0,14656.0,3883.0,6529.0
BELGIUM,2012,6313.0,14835.0,3806.0,6328.0
BELGIUM,2013,6468.0,14936.0,3947.0,6525.0
BELGIUM,2014,6754.0,15537.0,4175.0,6926.0
BELGIUM,2015,7492.0,19528.0,4304.0,7048.0
BELGIUM,2016,7729.0,19792.0,4326.0,6968.0
BELGIUM,2017,7934.0,20020.0,4492.0,7313.0
BELGIUM,2018,8441.0,20756.0,4801.0,7858.0
BELGIUM,2019,8714.0,21308.0,4954.0,8126.0
BELGIUM,2020,4792.0,13631.0,2538.0,4243.0
BELGIUM,2021,7729.0,21370.0,3996.0,6559.0
BELGIUM,2022,9406.0,23646.0,5077.0,8421.0
BELIZE,2000,,61.0,,
BELIZE,2001,,56.0,,
BELIZE,2002,,80.0,,
BENIN,2000,,,,23.0
BENIN,2001,,,,20.0
BENIN,2006,,138.0,,
BENIN,2007,,150.0,,
BENIN,2008,,158.0,,
"BOLIVIA, PLURINATIONAL STATE OF",2000,,,658.0,1293.0
"BOLIVIA, PLURINATIONAL STATE OF",2001,,,673.0,1263.0
"BOLIVIA, PLURINATIONAL STATE OF",2002,,,742.0,1322.0
"BOLIVIA, PLURINATIONAL STATE OF",2003,,,775.0,1404.0
"BOLIVIA, PLURINATIONAL STATE OF",2004,,,871.0,1523.0
"BOLIVIA, PLURINATIONAL STATE OF",2005,,,933.0,1644.0
"BOLIVIA, PLURINATIONAL STATE OF",2006,,,1088.0,998.0
"BOLIVIA, PLURINATIONAL STATE OF",2007,,,1092.0,981.0
"BOLIVIA, PLURINATIONAL STATE OF",2008,,,1129.0,1005.0
"BOLIVIA, PLURINATIONAL STATE OF",2009,,,1151.0,1050.0
"BOLIVIA, PLURINATIONAL STATE OF",2010,,,1197.0,1032.0
"BOLIVIA, PLURINATIONAL STATE OF",2011,,,1299.0,1010.0
"BOLIVIA, PLURINATIONAL STATE OF",2012,,,1367.0,1000.0
"BOLIVIA, PLURINATIONAL STATE OF",2013,,,1507.0,1037.0
"BOLIVIA, PLURINATIONAL STATE OF",2014,,,1559.0,1060.0
"BOLIVIA, PLURINATIONAL STATE OF",2015,,,1570.0,1057.0
"BOLIVIA, PLURINATIONAL STATE OF",2016,,,1581.0,973.0
"BOLIVIA, PLURINATIONAL STATE OF",2017,,,1597.0,986.0
"BOLIVIA, PLURINATIONAL STATE OF",2018,,,1553.0,944.0
"BOLIVIA, PLURINATIONAL STATE OF",2019,,,1535.0,921.0
"BOLIVIA, PLURINATIONAL STATE OF",2020,,,499.0,341.0
"BOLIVIA, PLURINATIONAL STATE OF",2021,,,764.0,587.0
"BOLIVIA, PLURINATIONAL STATE OF",2022,,,1077.0,
BOSNIA AND HERZEGOVINA,2000,,560.0,,
BOSNIA AND HERZEGOVINA,2001,,452.0,,
BOSNIA AND HERZEGOVINA,2002,,496.0,,
BOSNIA AND HERZEGOVINA,2003,,494.0,,
BOSNIA AND HERZEGOVINA,2004,,511.0,,
BOSNIA AND HERZEGOVINA,2005,,533.0,,
BOSNIA AND HERZEGOVINA,2006,,583.0,,
BOSNIA AND HERZEGOVINA,2007,277.0,642.0,265.0,598.0
BOSNIA AND HERZEGOVINA,2008,289.0,678.0,275.0,625.0
BOSNIA AND HERZEGOVINA,2009,262.0,597.0,246.0,539.0
BOSNIA AND HERZEGOVINA,2010,291.0,644.0,261.0,507.0
BOSNIA AND HERZEGOVINA,2011,294.0,668.0,262.0,509.0
BOSNIA AND HERZEGOVINA,2012,309.0,714.0,274.0,540.0
BOSNIA AND HERZEGOVINA,2013,316.0,714.0,297.0,614.0
BOSNIA AND HERZEGOVINA,2014,310.0,623.0,293.0,567.0
BOSNIA AND HERZEGOVINA,2015,351.0,717.0,329.0,657.0
BOSNIA AND HERZEGOVINA,2016,372.0,736.0,346.0,664.0
BOSNIA AND HERZEGOVINA,2017,384.0,764.0,357.0,684.0
BOSNIA AND HERZEGOVINA,2018,413.0,875.0,375.0,743.0
BOSNIA AND HERZEGOVINA,2019,443.0,954.0,412.0,832.0
BOSNIA AND HERZEGOVINA,2020,304.0,753.0,288.0,682.0
BOSNIA AND HERZEGOVINA,2021,469.0,1057.0,444.0,943.0
BOSNIA AND HERZEGOVINA,2022,562.0,1219.0,534.0,1101.0
BOTSWANA,2001,,,74.0,
BOTSWANA,2002,,,149.0,
BOTSWANA,2003,,,119.0,
BOTSWANA,2004,,,89.0,
BOTSWANA,2005,,,145.0,
BOTSWANA,2011,,,481.0,
BOTSWANA,2013,,,503.0,
BRAZIL,2000,,,,186705.0
BULGARIA,2000,1482.0,3384.0,1321.0,3024.0
BULGARIA,2001,1359.0,3194.0,1204.0,2842.0
BULGARIA,2002,1482.0,3231.0,1352.0,2982.0
BULGARIA,2003,1575.0,3379.0,1431.0,3058.0
BULGARIA,2004,1652.0,3857.0,1503.0,3423.0
BULGARIA,2005,1894.0,4447.0,1721.0,3957.0
BULGARIA,2006,2232.0,5467.0,1921.0,4342.0
BULGARIA,2007,2582.0,6059.0,2228.0,4867.0
BULGARIA,2008,2799.0,6493.0,2442.0,5370.0
BULGARIA,2009,2396.0,5816.0,2100.0,4676.0
BULGARIA,2010,2266.0,5592.0,1996.0,4548.0
BULGARIA,2011,2528.0,6229.0,2242.0,5167.0
BULGARIA,2012,2862.0,6801.0,2450.0,5531.0
BULGARIA,2013,3027.0,7247.0,2611.0,5927.0
BULGARIA,2014,3154.0,7621.0,2727.0,6219.0
BULGARIA,2015,3415.0,8046.0,2938.0,6559.0
BULGARIA,2016,3809.0,9035.0,3273.0,7455.0
BULGARIA,2017,3806.0,8949.0,3262.0,7339.0
BULGARIA,2018,3889.0,9096.0,3317.0,7423.0
BULGARIA,2019,4120.0,9675.0,3517.0,7890.0
BULGARIA,2020,2847.0,7312.0,2410.0,5996.0
BULGARIA,2021,3755.0,9627.0,3242.0,8071.0
BULGARIA,2022,4551.0,11286.0,3958.0,9560.0
BURKINA FASO,2000,,,40.0,73.0
BURKINA FASO,2001,,,56.0,93.0
BURKINA FASO,2002,,,48.0,112.0
BURKINA FASO,2003,,,54.0,119.0
BURKINA FASO,2004,,,68.0,135.0
BURKINA FASO,2005,,,80.0,173.0
BURKINA FASO,2006,,,95.0,204.0
BURKINA FASO,2007,,,85.0,185.0
BURKINA FASO,2008,,,104.0,193.0
BURKINA FASO,2009,,,132.0,224.0
BURKINA FASO,2010,,,153.0,233.0
BURKINA FASO,2011,,,196.0,311.0
BURKINA FASO,2012,,,246.0,376.0
BURKINA FASO,2013,,,289.0,434.0
BURKINA FASO,2014,,,295.0,470.0
BURKINA FASO,2015,,,311.0,452.0
BURKINA FASO,2016,,,337.0,552.0
BURKINA FASO,2017,,,369.0,592.0
BURKINA FASO,2018,,,396.0,616.0
BURKINA FASO,2019,,,426.0,716.0
BURKINA FASO,2020,,,369.0,720.0
BURKINA FASO,2021,,,414.0,734.0
BURKINA FASO,2022,,,415.0,734.0
CABO VERDE,2000,,,30.0,82.0
CABO VERDE,2001,,,28.0,81.0
CABO VERDE,2002,,,26.0,70.0
CABO VERDE,2003,,,28.0,83.0
CABO VERDE,2004,,,28.0,78.0
CABO VERDE,2005,,,36.0,85.0
CABO VERDE,2006,,,39.0,107.0
CABO VERDE,2007,,,46.0,125.0
CABO VERDE,2008,,,48.0,115.0
CABO VERDE,2009,,,43.0,124.0
CABO VERDE,2010,,,46.0,125.0
CABO VERDE,2011,,,47.0,124.0
CABO VERDE,2012,,,52.0,150.0
CABO VERDE,2013,,,49.0,156.0
CABO VERDE,2014,,,46.0,131.0
CABO VERDE,2015,,,50.0,137.0
CABO VERDE,2016,,,46.0,128.0
CABO VERDE,2017,,,49.0,138.0
CABO VERDE,2018,,,56.0,176.0
CABO VERDE,2019,,,61.0,196.0
CABO VERDE,2020,,,27.2,76.7
CABO VERDE,2021,,,34.0,89.0
CABO VERDE,2022,,,50.7,144.0
CAMEROON,2000,,,,1261.0
CAMEROON,2001,,,,1108.0
CAMEROON,2004,,,886.0,1393.0
CAMEROON,2005,,,977.0,1399.0
CAMEROON,2006,,,1162.0,1615.0
CAMEROON,2007,,,1340.0,1664.0
CAMEROON,2008,,,1489.0,1878.0
CAMEROON,2009,,,1680.0,1750.0
CAMEROON,2010,,,1855.0,1920.0
CAMEROON,2011,,,1980.0,2210.0
CAMEROON,2012,,,2115.0,2850.0
CAMEROON,2013,,,1546.0,2321.0
CAMEROON,2014,,,1590.0,2441.0
CAMEROON,2015,,,1612.0,2310.0
CAMEROON,2016,,,1645.0,2346.0
CAMEROON,2017,,,1584.0,2767.0
CAMEROON,2018,,,1596.0,2857.0
CAMEROON,2019,,,1766.0,3112.0
CAMEROON,2020,,,1005.0,1374.0
CANADA,2000,,275019.0,,52804.0
CANADA,2001,,244608.0,,48980.0
CANADA,2002,,308046.0,,59217.0
CANADA,2003,,278468.0,,53882.0
CANADA,2004,,284093.0,,55312.0
CANADA,2006,,260286.0,,44033.0
CANADA,2007,,263110.0,,43047.0
CANADA,2008,,261873.0,,43127.0
CANADA,2009,,265659.0,,42778.0
CANADA,2010,,271869.0,,45115.0
CANADA,2011,,288945.0,,51681.0
CANADA,2012,,297302.0,,53257.0
CANADA,2013,,287115.0,,51235.0
CANADA,2014,,292569.0,,51805.0
CANADA,2015,,306212.0,,53650.0
CANADA,2016,,344706.0,,63379.0
CANADA,2017,,348208.0,,62415.0
CANADA,2018,,266556.0,,
CANADA,2019,,261787.0,,
CANADA,2020,,206351.0,,
CANADA,2021,,237497.0,,
CANADA,2022,,282597.0,,
CENTRAL AFRICAN REPUBLIC,2000,,,1.0,3.0
CENTRAL AFRICAN REPUBLIC,2001,,,,1.0
CENTRAL AFRICAN REPUBLIC,2002,,,,3.0
CENTRAL AFRICAN REPUBLIC,2003,,,1.0,3.0
CENTRAL AFRICAN REPUBLIC,2004,,,1.0,3.0
CENTRAL AFRICAN REPUBLIC,2007,,,1.0,3.0
CENTRAL AFRICAN REPUBLIC,2008,,,3.0,9.0
CENTRAL AFRICAN REPUBLIC,2009,,,2.0,3.0
CENTRAL AFRICAN REPUBLIC,2010,,,3.0,4.0
CENTRAL AFRICAN REPUBLIC,2011,,,3.3,7.2
CENTRAL AFRICAN REPUBLIC,2012,,,3.8,7.8
CENTRAL AFRICAN REPUBLIC,2013,,,11.2,16.4
CENTRAL AFRICAN REPUBLIC,2014,,,12.2,17.8
CENTRAL AFRICAN REPUBLIC,2015,,,14.7,22.0
CENTRAL AFRICAN REPUBLIC,2016,,,58.0,83.0
CENTRAL AFRICAN REPUBLIC,2017,,,68.0,83.0
CENTRAL AFRICAN REPUBLIC,2018,,,69.0,133.0
CENTRAL AFRICAN REPUBLIC,2019,,,79.0,166.0
CENTRAL AFRICAN REPUBLIC,2020,,,52.0,123.0
CENTRAL AFRICAN REPUBLIC,2021,,,125.0,292.0
CHAD,2000,,,,10.0
CHAD,2001,,,,9.0
CHAD,2002,,,,5.0
CHAD,2003,,,,4.0
CHAD,2004,,,,5.0
CHAD,2005,,,,4.0
CHAD,2008,,,1.1,5.7
CHAD,2009,,,1.1,4.7
CHAD,2010,,,1.0,3.0
CHAD,2011,,,1.8,5.1
CHAD,2012,,,4.5,8.5
CHAD,2015,,,,11.0
CHAD,2016,,,,13.0
CHAD,2017,,,,9.0
CHAD,2018,,,,10.0
CHAD,2019,,,,12.0
CHAD,2020,,,4.2,5.2
CHAD,2021,,,10.7,13.0
CHILE,2000,,,1944.0,3926.0
CHILE,2001,,,1900.0,3872.0
CHILE,2002,,,2124.0,4308.0
CHILE,2003,,,2199.0,4879.0
CHILE,2004,,,2287.0,4751.0
CHILE,2005,,,2888.0,5799.0
CHILE,2006,,,3082.0,6170.0
CHILE,2007,,,3371.0,6578.0
CHILE,2008,,,3531.0,6900.0
CHILE,2009,,,3328.0,6607.0
CHILE,2010,,,3337.0,6643.0
CHILE,2011,,,3978.0,7725.0
CHILE,2012,,,4438.0,8381.0
CHILE,2013,,,4614.0,8687.0
CHILE,2014,,,6116.0,11350.0
CHILE,2015,,,5977.0,11120.0
CHILE,2016,,,6017.0,11166.0
CHILE,2017,,,7943.962008809289,15325.184925665164
CHILE,2018,,,8143.5768600727615,15742.225565658884
CHILE,2019,,,7797.160958956145,15149.615030486315
CHINA,2000,,,,354031.0
CHINA,2001,,,,201045.0
CHINA,2002,,,,246325.0
CHINA,2003,,,,236341.0
CHINA,2004,,,,296764.0
CHINA,2005,,,,369000.0
CHINA,2006,,,,413645.0
CHINA,2007,,,,435849.0
CHINA,2008,,,,437213.0
CHINA,2009,,,,439717.0
CONGO,2000,,,16.0,54.0
CONGO,2001,,,15.0,50.0
CONGO,2002,,,12.0,46.0
CONGO,2003,,,10.0,31.0
CONGO,2004,,,13.0,39.0
CONGO,2005,,,15.0,39.0
CONGO,2006,,,17.0,45.0
CONGO,2007,,,20.0,50.0
CONGO,2008,,,25.0,64.0
CONGO,2009,,,46.0,99.0
CONGO,2010,,,51.0,112.0
CONGO,2011,,,76.0,161.0
CONGO,2012,,,80.0,222.0
CONGO,2013,,,152.0,371.0
CONGO,2014,,,188.0,536.0
CONGO,2015,,,150.0,696.0
CONGO,2016,,,139.0,289.0
CONGO,2017,,,92.0,203.0
CONGO,2018,,,112.0,258.0
"CONGO, DEMOCRATIC REPUBLIC OF THE",2000,,9.0,3.0,
"CONGO, DEMOCRATIC REPUBLIC OF THE",2001,,68.0,5.0,
"CONGO, DEMOCRATIC REPUBLIC OF THE",2002,,67.0,5.0,
"CONGO, DEMOCRATIC REPUBLIC OF THE",2003,,40.0,11.0,
"CONGO, DEMOCRATIC REPUBLIC OF THE",2004,,85.0,16.0,
"CONGO, DEMOCRATIC REPUBLIC OF THE",2005,,156.0,13.0,
"CONGO, DEMOCRATIC REPUBLIC OF THE",2006,,113.0,11.0,
"CONGO, DEMOCRATIC REPUBLIC OF THE",2007,,69.0,9.0,
"CONGO, DEMOCRATIC REPUBLIC OF THE",2008,,105.0,12.0,
"CONGO, DEMOCRATIC REPUBLIC OF THE",2009,,110.0,11.0,
CROATIA,2000,1305.0,5138.0,911.0,2949.0
CROATIA,2001,1316.0,5021.0,927.0,2919.0
CROATIA,2002,1376.0,4981.0,886.0,2691.0
CROATIA,2003,1469.0,5312.0,960.0,2839.0
CROATIA,2004,1500.0,5281.0,979.0,2900.0
CROATIA,2005,1480.0,5371.0,1002.0,2862.0
CROATIA,2006,1667.0,5907.0,1071.0,2961.0
CROATIA,2007,1793.0,6347.0,1153.0,3038.0
CROATIA,2008,1789.0,6401.0,1128.0,2946.0
CROATIA,2009,1577.0,5759.0,970.0,2522.0
CROATIA,2010,1493.0,5424.0,911.0,2333.0
CROATIA,2011,1529.0,5602.0,942.0,2412.0
CROATIA,2012,1466.0,5221.0,889.0,2259.0
CROATIA,2013,1485.0,5138.0,888.0,2192.0
CROATIA,2014,1505.0,5160.0,874.0,2112.0
CROATIA,2015,1660.0,5743.0,946.0,2305.0
CROATIA,2016,1786.0,5857.0,1005.0,2391.0
CROATIA,2017,1838.0,5978.0,1014.0,2388.0
CROATIA,2018,2022.0,6477.0,1099.0,2544.0
CROATIA,2019,2213.0,7095.0,1187.0,2745.0
CROATIA,2020,1456.0,5415.0,640.0,1654.0
CROATIA,2021,2135.0,7354.0,1111.0,2800.0
CROATIA,2022,2451.0,7753.0,1387.0,3306.0
CUBA,2000,,7281.0,,3262.0
CUBA,2001,,7573.0,,3361.0
CUBA,2002,,7165.0,,3263.0
CUBA,2003,,7331.0,,3142.0
CUBA,2004,,6813.0,,2529.0
CUBA,2005,,7125.0,,2548.0
CUBA,2006,,7592.0,,3033.0
CUBA,2007,,7912.0,,3052.0
CUBA,2008,,8297.0,,3338.0
CUBA,2009,,8091.0,,3405.0
CUBA,2010,,7746.0,,3329.0
CUBA,2011,,7724.0,,3296.0
CUBA,2012,,7611.0,,3275.0
CUBA,2013,,7415.0,,3539.0
CUBA,2014,,7318.0,,3502.0
CUBA,2015,,7395.0,,3645.0
CUBA,2016,,8893.0,,4544.0
CUBA,2017,,8314.0,,3808.0
CUBA,2018,,7545.0,,3582.0
CUBA,2019,,8117.0,,4614.0
CUBA,2020,,4209.0,,1988.0
CUBA,2021,,5379.0,,2986.0
CUBA,2022,,8558.0,,4438.0
CYPRUS,2000,282.0,603.0,279.0,597.0
CYPRUS,2001,332.0,731.0,332.0,729.0
CYPRUS,2002,376.0,870.0,376.0,868.0
CYPRUS,2003,406.0,968.0,400.0,957.0
CYPRUS,2004,452.0,1081.0,446.0,1069.0
CYPRUS,2005,456.0,1052.0,449.0,1040.0
CYPRUS,2006,517.0,1128.0,509.0,1114.0
CYPRUS,2007,541.0,1181.0,535.0,1169.0
CYPRUS,2008,535.0,1171.0,528.0,1159.0
CYPRUS,2009,597.0,1337.0,593.0,1320.0
CYPRUS,2010,615.0,1353.0,613.0,1341.0
CYPRUS,2011,547.0,1172.0,546.0,1162.0
CYPRUS,2012,509.0,1088.0,505.0,1070.0
CYPRUS,2013,441.0,896.0,438.0,881.0
CYPRUS,2014,434.0,831.0,432.0,817.0
CYPRUS,2015,442.0,825.0,441.0,824.0
CYPRUS,2016,462.0,844.0,462.0,843.0
CYPRUS,2017,458.0,834.0,457.0,829.0
CYPRUS,2018,511.0,917.0,511.0,915.0
CYPRUS,2019,554.0,1013.0,553.0,1012.0
CYPRUS,2020,572.0,1092.0,572.0,1092.0
CYPRUS,2021,713.0,1548.0,713.0,1548.0
CZECH REPUBLIC (CZECHIA),2000,6091.0,28603.0,3398.0,12655.0
CZECH REPUBLIC (CZECHIA),2001,5878.0,21867.0,3293.0,9071.0
CZECH REPUBLIC (CZECHIA),2002,5672.0,21541.0,3438.0,10476.0
CZECH REPUBLIC (CZECHIA),2003,6271.0,22833.0,3462.0,9779.0
CZECH REPUBLIC (CZECHIA),2004,6158.0,21800.0,3346.0,9051.0
CZECH REPUBLIC (CZECHIA),2005,6026.0,20725.0,3388.0,8601.0
CZECH REPUBLIC (CZECHIA),2006,6289.0,21357.0,3595.0,8854.0
CZECH REPUBLIC (CZECHIA),2007,6281.0,20221.0,3795.0,9206.0
CZECH REPUBLIC (CZECHIA),2008,6186.0,19296.0,3954.0,9686.0
CZECH REPUBLIC (CZECHIA),2009,5954.0,18915.0,3726.0,9328.0
CZECH REPUBLIC (CZECHIA),2010,5878.0,18543.0,3816.0,9478.0
CZECH REPUBLIC (CZECHIA),2011,6184.0,18810.0,4102.0,9853.0
CZECH REPUBLIC (CZECHIA),2012,7452.0,21484.0,5048.0,11910.0
CZECH REPUBLIC (CZECHIA),2013,7556.0,21163.0,5046.0,11825.0
CZECH REPUBLIC (CZECHIA),2014,7491.0,20837.0,5053.0,11716.0
CZECH REPUBLIC (CZECHIA),2015,8489.0,23807.0,5736.0,13290.0
CZECH REPUBLIC (CZECHIA),2016,9067.0,25429.0,6298.0,14624.0
CZECH REPUBLIC (CZECHIA),2017,9840.0,26962.0,6924.0,15897.0
CZECH REPUBLIC (CZECHIA),2018,10636.0,28754.0,7455.0,16974.0
CZECH REPUBLIC (CZECHIA),2019,11108.0,29844.0,7768.0,17552.0
CZECH REPUBLIC (CZECHIA),2020,8052.0,23994.0,5368.0,13931.0
CZECH REPUBLIC (CZECHIA),2021,8814.0,25377.0,6324.0,15935.0
CZECH REPUBLIC (CZECHIA),2022,12081.0,32460.0,9126.0,21531.0
DENMARK,2000,4383.0,19602.0,2101.0,5082.0
DENMARK,2001,4142.0,20103.0,2096.0,5072.0
DENMARK,2002,4636.0,20953.0,2172.0,5250.0
DENMARK,2003,4693.0,21678.0,2112.0,5104.0
DENMARK,2004,4825.0,21914.0,2805.0,5404.0
DENMARK,2005,11358.0,38394.0,3348.0,5806.0
DENMARK,2006,10941.0,39962.0,3799.0,6352.0
DENMARK,2007,16395.0,62253.0,4186.0,6999.0
DENMARK,2008,16489.0,62610.0,4082.0,6825.0
DENMARK,2009,14531.0,61559.0,3706.0,6198.0
DENMARK,2010,14673.0,61465.0,3928.0,6576.0
DENMARK,2011,11685.0,62120.0,1666.0,7048.0
DENMARK,2012,11743.0,62139.0,1713.0,7242.0
DENMARK,2013,11783.0,62305.0,1767.0,7454.0
DENMARK,2014,14620.0,63727.0,3631.0,7844.0
DENMARK,2015,14954.0,64664.0,3917.0,8465.0
DENMARK,2016,15208.0,65250.0,4089.0,8833.0
DENMARK,2017,16333.0,66222.0,4487.0,9225.0
DENMARK,2018,16619.0,67017.0,4616.0,9491.0
DENMARK,2019,19089.0,76345.0,6275.0,10228.0
DENMARK,2020,17919.0,80661.0,4239.0,7379.0
DENMARK,2021,20002.0,86948.0,5544.0,9635.0
DENMARK,2022,20694.0,82396.0,7134.0,12257.0
ECUADOR,2010,7229.0,20858.0,1455.0,3214.0
ECUADOR,2011,7389.0,21586.0,1718.0,4133.0
ECUADOR,2012,7906.0,22955.0,1708.0,4468.0
ECUADOR,2013,7652.0,22216.0,1652.0,4322.0
ECUADOR,2014,7982.0,23223.0,1768.0,4625.0
ECUADOR,2015,8553.0,23914.0,1840.0,4770.0
ECUADOR,2016,8685.0,24281.0,1868.0,4843.0
ECUADOR,2017,8815.0,24645.0,1896.0,4916.0
ECUADOR,2018,8945.0,25007.0,1924.0,4988.0
ECUADOR,2019,9073.0,25367.0,1952.0,5060.0
ECUADOR,2020,2908.8,8145.2,581.8,1513.2
ECUADOR,2021,5971.0,16718.8,1194.2,3095.1
ECUADOR,2022,9755.0,27275.0,2099.0,5441.0
EGYPT,2000,,,1030.0,4050.0
EGYPT,2001,,,1140.0,4331.0
EGYPT,2002,,,1397.0,4791.0
EGYPT,2003,,,2212.0,4782.0
ERITREA,2005,,,,669.0
ERITREA,2006,,,,672.0
ERITREA,2007,,,,1012.0
ERITREA,2008,,,,853.0
ERITREA,2009,,,,1122.0
ERITREA,2010,,,,1180.0
ERITREA,2011,,,,1463.0
ERITREA,2012,,,,1433.0
ERITREA,2013,,,,1448.0
ERITREA,2014,,,,1441.0
ERITREA,2015,,,,1445.0
ERITREA,2016,,,,1443.0
ESTONIA,2000,293.0,613.0,,
ESTONIA,2001,319.0,626.0,306.0,489.0
ESTONIA,2002,398.0,698.0,250.0,450.0
ESTONIA,2003,416.0,817.0,306.0,558.0
ESTONIA,2004,548.0,1011.0,385.0,691.0
ESTONIA,2005,619.0,1129.0,428.0,751.0
ESTONIA,2006,832.0,1523.0,571.0,989.0
ESTONIA,2007,963.0,1759.0,676.0,1175.0
ESTONIA,2008,944.0,1670.0,658.0,1120.0
ESTONIA,2009,767.0,1382.0,560.0,944.0
ESTONIA,2010,838.0,1497.0,612.0,1025.0
ESTONIA,2011,918.0,1651.0,668.0,1117.0
ESTONIA,2012,966.0,1721.0,705.0,1151.0
ESTONIA,2013,1041.0,1825.0,756.0,1220.0
ESTONIA,2014,1104.0,1890.0,818.0,1290.0
ESTONIA,2015,1183.0,2012.0,880.0,1379.0
ESTONIA,2016,1268.0,2214.0,950.0,1495.0
ESTONIA,2017,1389.0,2359.0,1033.0,1613.0
ESTONIA,2018,1451.0,2456.0,1083.0,1693.0
ESTONIA,2019,1537.0,2591.0,1138.0,1778.0
ESTONIA,2020,1296.0,2270.0,993.0,1604.0
ESTONIA,2021,1576.0,2716.0,1191.0,1923.0
ESTONIA,2022,1786.0,3032.0,1367.0,2153.0
ESWATINI,2000,,,24.0,
ESWATINI,2001,,,50.0,
ESWATINI,2002,,,76.0,
ESWATINI,2003,,,136.0,
ESWATINI,2005,,,39.0,
ESWATINI,2006,,,54.0,
ESWATINI,2007,,,86.0,
ESWATINI,2008,,,93.0,
ESWATINI,2009,,,121.0,
ESWATINI,2010,,,104.0,
ESWATINI,2011,,,95.0,
ESWATINI,2012,,,102.0,
ESWATINI,2013,,,108.0,
ESWATINI,2014,,,110.0,
ESWATINI,2015,,,115.0,
ESWATINI,2016,,,139.0,
ESWATINI,2017,,,114.0,
ESWATINI,2018,,,118.0,
ESWATINI,2019,,,128.0,
ESWATINI,2020,,,89.0,
ESWATINI,2021,,,106.0,
ESWATINI,2022,,,129.6,
FIJI,2000,,,,330.0
FIJI,2001,,,,319.0
FIJI,2002,,,,392.0
FIJI,2003,,,,412.0
FIJI,2004,,,,453.0
FIJI,2005,,,,479.0
FIJI,2006,,,,499.0
FIJI,2007,,,,554.0
FIJI,2008,,,,579.0
FIJI,2009,,,,582.0
FIJI,2010,,,,665.0
FIJI,2011,,,,650.0
FIJI,2012,,,,649.0
FIJI,2013,,,,712.0
FIJI,2014,,,,760.0
FIJI,2015,,,,764.0
FIJI,2016,,,,790.0
FIJI,2017,,,,803.0
FIJI,2018,,,,866.0
FIJI,2019,,,,889.0
FIJI,2020,,,,525.0
FIJI,2021,,,,520.8
FIJI,2022,,,,765.0
FINLAND,2000,6460.0,11976.0,5415.0,9786.0
FINLAND,2001,6491.0,12029.0,5442.0,9882.0
FINLAND,2002,6388.0,11703.0,5327.0,9552.0
FINLAND,2003,6446.0,11751.0,5415.0,9671.0
FINLAND,2004,6824.0,12243.0,5736.0,10032.0
FINLAND,2005,7009.0,12760.0,5948.0,10388.0
FINLAND,2006,7318.0,13165.0,6203.0,10676.0
FINLAND,2007,7627.0,13708.0,6520.0,11182.0
FINLAND,2008,7746.0,13963.0,6671.0,11339.0
FINLAND,2009,7545.0,13677.0,6429.0,10930.0
FINLAND,2010,7886.0,14243.0,6753.0,11440.0
FINLAND,2011,8104.0,14480.0,6945.0,11655.0
FINLAND,2012,8109.0,14515.0,6967.0,11718.0
FINLAND,2013,8044.0,14381.0,6857.0,11455.0
FINLAND,2014,7929.0,14075.0,6743.0,11171.0
FINLAND,2015,8113.0,14228.0,6960.0,11464.0
FINLAND,2016,8319.0,14572.0,7120.0,11656.0
FINLAND,2017,8614.0,15171.0,7394.0,12053.0
FINLAND,2018,8743.0,15392.0,7490.0,12224.0
FINLAND,2019,9136.0,16040.0,7854.0,12816.0
FINLAND,2020,6447.0,12032.0,5140.0,8852.0
FINLAND,2021,8168.0,15403.0,6638.0,11575.0
FINLAND,2022,9406.0,16996.0,8107.0,13629.0
FRANCE,2000,72189.0,171286.0,64913.0,114059.0
FRANCE,2001,76034.0,179039.0,66111.0,115576.0
FRANCE,2002,74878.0,176299.0,65253.0,114454.0
FRANCE,2003,76666.0,179352.0,66365.0,115536.0
FRANCE,2004,79567.0,178840.0,69705.0,118134.0
FRANCE,2005,83357.0,187642.0,72587.0,122222.0
FRANCE,2006,84926.0,191616.0,72230.0,123105.0
FRANCE,2007,86588.0,193396.0,74892.0,126536.0
FRANCE,2008,87134.0,194049.0,75144.0,126550.0
FRANCE,2009,88158.0,195984.0,74904.0,124769.0
FRANCE,2010,88977.0,198893.0,75834.0,127121.0
FRANCE,2011,107196.0,277802.0,78793.0,131859.0
FRANCE,2012,106539.0,275405.0,77835.0,129951.0
FRANCE,2013,106571.0,272370.0,77580.0,128275.0
FRANCE,2014,109079.0,275954.0,78258.0,129415.0
FRANCE,2015,111732.0,281637.0,78668.0,129216.0
FRANCE,2016,113668.0,283421.0,80514.0,132191.0
FRANCE,2017,117731.0,297280.0,82619.0,135570.0
FRANCE,2018,118718.0,299404.0,81916.0,134674.0
FRANCE,2019,121560.0,306620.0,84379.0,138214.0
FRANCE,2020,76364.0,212751.0,62010.0,139515.0
FRANCE,2021,97081.0,267866.0,78458.0,174647.0
FRANCE,2022,121540.0,319947.0,82428.0,142505.0
GEORGIA,2000,,,43.0,
GEORGIA,2001,,,43.0,
GEORGIA,2002,,,41.0,
GEORGIA,2003,,,44.0,
GEORGIA,2004,,,56.0,
GEORGIA,2005,,,89.0,
GEORGIA,2006,,,134.0,
GEORGIA,2007,,,179.0,
GEORGIA,2008,,,163.0,
GEORGIA,2009,,,199.0,
GEORGIA,2010,,,290.0,
GEORGIA,2011,,,415.0,
GEORGIA,2012,,,560.0,
GEORGIA,2013,,,482.0,
GEORGIA,2014,5187.0,26512.0,525.0,3187.0
GEORGIA,2015,5051.0,26935.0,685.0,2342.0
GEORGIA,2016,,28746.0,870.0,3136.0
GEORGIA,2017,,23971.0,1026.0,1473.0
GEORGIA,2018,,24874.0,1051.0,2031.0
GEORGIA,2019,,28125.0,1146.0,1867.0
GEORGIA,2020,,27282.0,934.0,1697.0
GEORGIA,2021,,35545.0,1726.0,2463.0
GEORGIA,2022,,30623.0,1947.0,2706.0
GERMANY,2000,94730.0,304751.0,72368.0,170947.0
GERMANY,2001,95046.0,307143.0,72387.0,171674.0
GERMANY,2002,93089.0,298041.0,70023.0,164383.0
GERMANY,2003,94185.0,296842.0,70316.0,163554.0
GERMANY,2004,96274.0,293395.0,72857.0,165655.0
GERMANY,2005,99074.0,295735.0,75363.0,168843.0
GERMANY,2006,101667.0,298277.0,78037.0,172428.0
GERMANY,2007,105443.0,307060.0,80988.0,177586.0
GERMANY,2008,108075.0,313043.0,82654.0,180259.0
GERMANY,2009,108618.0,313914.0,82847.0,180122.0
GERMANY,2010,113139.0,320024.0,87304.0,186661.0
GERMANY,2011,118962.0,330290.0,92473.0,196112.0
GERMANY,2012,122328.0,338432.0,95238.0,201844.0
GERMANY,2013,123646.0,339860.0,96475.0,203794.0
GERMANY,2014,127791.0,348484.0,99760.0,209484.0
GERMANY,2015,131817.0,356560.0,103021.0,215061.0
GERMANY,2016,136009.0,366390.0,106445.0,221889.0
GERMANY,2017,140780.0,375578.0,110444.0,228412.0
GERMANY,2018,146198.0,390312.0,113803.0,234560.0
GERMANY,2019,151381.0,405693.0,117726.0,243474.0
GERMANY,2020,85696.0,270295.0,63491.0,147130.0
GERMANY,2021,85146.0,279231.0,63256.0,151181.0
GERMANY,2022,134578.0,382619.0,102693.0,224751.0
GREECE,2000,5964.0,15162.0,5837.0,14628.0
GREECE,2001,5635.0,13774.0,5528.0,13290.0
GREECE,2002,5549.0,13513.0,5465.0,13128.0
GREECE,2003,5732.0,14095.0,5650.0,13716.0
GREECE,2004,5671.0,13758.0,5567.0,13280.0
GREECE,2005,6064.0,14530.0,5933.0,13942.0
GREECE,2006,6234.0,14741.0,6128.0,14249.0
GREECE,2007,7084.0,17339.0,6950.0,16675.0
GREECE,2008,7127.0,17651.0,6968.0,16840.0
GREECE,2009,7524.0,19345.0,7352.0,18367.0
GREECE,2010,7044.0,17814.0,6876.0,16815.0
GREECE,2011,6479.0,16330.0,6313.0,15370.0
GREECE,2012,5395.0,13290.0,5257.0,12515.0
GREECE,2013,7366.0,20112.0,5519.0,13007.0
GREECE,2014,7415.0,20589.0,5537.0,13050.0
GREECE,2015,7665.0,20900.0,5744.0,13201.0
GREECE,2016,8080.0,22107.0,5996.0,13944.0
GREECE,2017,8143.0,21975.0,6106.0,14154.0
GREECE,2018,9265.0,24064.0,7342.0,16845.0
GREECE,2019,9164.0,23623.0,7369.0,16802.0
GREECE,2020,4617.0,12277.0,3597.0,8556.0
GREECE,2021,5653.0,14963.0,4465.0,10774.0
GREECE,2022,8312.0,21196.0,6663.0,15254.0
HUNGARY,2000,2948.0,7855.0,2135.0,5479.0
HUNGARY,2001,3003.0,7754.0,2148.0,5321.0
HUNGARY,2002,3163.0,8089.0,2273.0,5574.0
HUNGARY,2003,3367.0,8571.0,2380.0,5824.0
HUNGARY,2004,3347.0,8391.0,2452.0,5933.0
HUNGARY,2005,3618.0,8958.0,2778.0,6622.0
HUNGARY,2006,3873.0,9606.0,3007.0,7284.0
HUNGARY,2007,4023.0,9958.0,3188.0,7662.0
HUNGARY,2008,4135.0,9965.0,3313.0,7794.0
HUNGARY,2009,3925.0,9495.0,3068.0,7207.0
HUNGARY,2010,4011.0,9941.0,3184.0,7578.0
HUNGARY,2011,4199.0,10205.0,3337.0,7866.0
HUNGARY,2012,4222.0,10413.0,3371.0,8060.0
HUNGARY,2013,4497.0,10986.0,3626.0,8597.0
HUNGARY,2014,5022.0,12082.0,4054.0,9419.0
HUNGARY,2015,5474.0,12925.0,4450.0,10126.0
HUNGARY,2016,5815.0,13827.0,4752.0,10937.0
HUNGARY,2017,6234.0,14827.0,5067.0,11553.0
HUNGARY,2018,6603.0,15671.0,5423.0,12302.0
HUNGARY,2019,6752.0,15785.0,5572.0,12394.0
HUNGARY,2020,4012.0,9916.0,3333.0,7877.0
HUNGARY,2021,4698.0,12700.0,3913.0,9772.0
HUNGARY,2022,6353.0,15591.0,5373.0,12281.0
ICELAND,2000,417.0,595.0,189.0,296.0
ICELAND,2001,372.0,560.0,176.0,275.0
ICELAND,2002,386.0,604.0,187.0,290.0
ICELAND,2003,396.0,608.0,194.0,299.0
ICELAND,2004,412.0,651.0,204.0,323.0
ICELAND,2005,432.0,683.0,229.0,361.0
ICELAND,2006,466.0,738.0,245.0,387.0
ICELAND,2007,490.0,777.0,274.0,437.0
ICELAND,2008,503.0,793.0,270.0,429.0
ICELAND,2009,561.0,870.0,255.0,401.0
ICELAND,2010,544.0,855.0,247.0,405.0
ICELAND,2011,508.0,805.0,258.0,416.0
ICELAND,2012,525.0,854.0,274.0,441.0
ICELAND,2013,638.0,1025.0,302.0,493.0
ICELAND,2014,700.0,1085.0,315.0,500.0
ICELAND,2015,587.0,909.0,323.0,496.0
ICELAND,2016,647.0,1044.0,380.0,598.0
ICELAND,2017,686.0,1098.0,379.0,599.0
ICELAND,2018,701.0,1105.0,425.0,661.0
ICELAND,2019,699.0,1090.0,378.0,581.0
ICELAND,2020,890.0,1467.0,483.0,745.0
ICELAND,2021,1191.0,1939.0,695.0,1097.0
INDONESIA,2001,30934.0,,8903.0,
INDONESIA,2002,29794.0,,9861.0,
INDONESIA,2003,36060.0,,10582.0,
INDONESIA,2004,35021.0,,11682.0,
INDONESIA,2005,31266.0,,11610.0,
INDONESIA,2006,32808.0,,11659.0,
INDONESIA,2007,37672.0,,13113.0,
INDONESIA,2008,38544.0,,14351.0,
INDONESIA,2009,42980.0,,17213.0,
INDONESIA,2010,46586.0,,18560.0,
INDONESIA,2011,59111.0,,22083.0,
INDONESIA,2012,63637.0,,24763.0,
INDONESIA,2013,79342.0,,38168.0,
INDONESIA,2014,87718.0,,41396.0,
INDONESIA,2015,68908.0,,46224.0,
INDONESIA,2016,118392.0,,63228.0,
INDONESIA,2017,128377.0,,70381.0,
INDONESIA,2018,132690.0,,73097.0,
INDONESIA,2019,131437.0,,74067.0,
INDONESIA,2020,50604.0,,36055.0,
INDONESIA,2021,,,80511.0,
INDONESIA,2022,,,96630.0,
"IRAN, ISLAMIC REPUBLIC OF",2000,,,2173.0,4677.0
"IRAN, ISLAMIC REPUBLIC OF",2001,,,1987.0,4172.0
"IRAN, ISLAMIC REPUBLIC OF",2002,,,2330.0,4874.0
"IRAN, ISLAMIC REPUBLIC OF",2003,,,2516.0,4910.0
"IRAN, ISLAMIC REPUBLIC OF",2010,46860.0,,21087.0,63261.0
"IRAN, ISLAMIC REPUBLIC OF",2011,57121.0,,25704.0,77113.0
IRELAND,2000,,20703.0,2773.0,6786.0
IRELAND,2001,,23207.0,,7533.0
IRELAND,2002,,22222.0,,7395.0
IRELAND,2003,,23616.0,,7829.0
IRELAND,2004,,24189.0,,7799.0
IRELAND,2005,,24607.0,,8174.0
IRELAND,2006,,24203.0,,7978.0
IRELAND,2007,,26328.0,,8791.0
IRELAND,2008,,26195.0,,8794.0
IRELAND,2009,8340.0,26027.0,,8451.0
IRELAND,2010,7300.0,22540.0,3351.0,7325.0
IRELAND,2011,7169.0,21628.0,3162.0,6677.0
IRELAND,2012,8291.0,23703.0,3680.0,7911.0
IRELAND,2013,8413.0,24195.0,3712.0,7626.0
IRELAND,2014,8991.0,26086.0,4055.0,9307.0
IRELAND,2015,9125.0,25267.0,4179.0,8140.0
IRELAND,2016,9359.0,25589.0,4082.0,8126.0
IRELAND,2017,9626.0,25539.0,4405.0,8367.0
IRELAND,2018,10919.0,28393.0,4691.0,8820.0
IRELAND,2019,11621.0,29469.0,5113.0,9562.0
IRELAND,2020,7721.0,23518.0,,
IRELAND,2021,5663.0,17886.0,,
ISRAEL,2000,,12104.0,4132.0,9870.0
ISRAEL,2001,,13668.0,4963.0,11288.0
ISRAEL,2002,,14025.0,5134.0,11978.0
ISRAEL,2003,,13855.0,5060.0,11810.0
ISRAEL,2004,,14230.0,5180.0,12202.0
ISRAEL,2005,,15238.0,5154.0,12304.0
ISRAEL,2006,,15344.0,5178.0,12454.0
ISRAEL,2007,,15766.0,5101.0,12073.0
ISRAEL,2008,,15326.0,4800.0,11409.0
ISRAEL,2009,,15477.0,4915.0,11796.0
ISRAEL,2010,5955.0,15901.0,4943.0,11931.0
ISRAEL,2011,6070.0,15865.0,5038.0,11911.0
ISRAEL,2012,6997.0,16260.0,5331.0,12387.0
ISRAEL,2013,7113.0,16452.0,5506.0,12736.0
ISRAEL,2014,7233.0,16453.0,5699.0,12963.0
ISRAEL,2015,7629.0,17065.0,6018.0,13463.0
ISRAEL,2016,7851.0,17306.0,6151.0,13558.0
ISRAEL,2017,8043.0,17264.0,6331.0,13588.0
ISRAEL,2018,8071.0,17105.0,6406.0,13577.0
ISRAEL,2019,8243.0,17341.0,6507.0,13690.0
ISRAEL,2020,3941.0,8943.0,3111.0,6997.0
ISRAEL,2021,8575.0,18422.0,6850.0,14716.0
ISRAEL,2022,9360.0,20141.0,7412.0,15949.0
ITALY,2000,,198528.0,37963.0,136392.0
ITALY,2001,,203651.0,38648.0,138559.0
ITALY,2002,,199687.0,38011.0,133295.0
ITALY,2003,,204760.0,39155.0,135217.0
ITALY,2004,49241.0,204447.0,40767.0,136845.0
ITALY,2005,50212.0,206754.0,41276.0,138123.0
ITALY,2006,51851.0,209903.0,42521.0,140397.0
ITALY,2007,53277.0,213176.0,43282.0,141311.0
ITALY,2008,53749.0,211869.0,43498.0,141187.0
ITALY,2009,54375.0,211268.0,43698.0,139789.0
ITALY,2010,55020.0,210340.0,44354.0,139547.0
ITALY,2011,56263.0,210421.0,45072.0,139897.0
ITALY,2012,54995.0,200116.0,43777.0,132910.0
ITALY,2013,53599.0,191992.0,42650.0,128429.0
ITALY,2014,54917.0,190978.0,43471.0,127568.0
ITALY,2015,58353.0,200249.0,45922.0,133318.0
ITALY,2016,60180.0,203540.0,46851.0,135687.0
ITALY,2017,62672.0,209970.0,48425.0,139019.0
ITALY,2018,64906.0,212334.0,49948.0,140194.0
ITALY,2019,66371.0,216077.0,50422.0,140377.0
ITALY,2020,39190.0,143003.0,28021.0,85634.0
ITALY,2021,51768.0,183055.0,37612.0,112997.0
ITALY,2022,63428.0,210939.0,46766.0,135125.0
JAPAN,2007,,286727.0,,
JAPAN,2008,228588.0,287450.0,225605.0,283459.0
JAPAN,2009,227884.0,283006.0,225142.0,279384.0
JAPAN,2010,303251.0,385540.0,251195.0,313287.0
JAPAN,2011,300818.0,398819.0,282478.0,370896.0
JAPAN,2012,315056.0,413181.0,294667.0,383163.0
JAPAN,2013,329534.0,433697.0,307224.0,400365.0
JAPAN,2014,326258.0,428677.0,304680.0,397701.0
JAPAN,2015,336544.0,438464.0,312900.0,405129.0
JAPAN,2016,328573.0,423096.0,311415.0,392229.0
JAPAN,2017,334253.0,429906.0,310073.0,396078.0
JAPAN,2018,344024.0,443726.0,316990.0,406213.0
JAPAN,2019,371590.0,480265.0,342883.0,440121.0
JAPAN,2020,237825.0,311309.0,223016.0,289244.0
JAPAN,2021,236624.0,313457.0,221243.0,290491.0
JAPAN,2022,326240.0,433956.0,303920.0,401610.0
JORDAN,2000,,,,541.0
JORDAN,2001,,,,597.0
JORDAN,2002,,,,772.0
JORDAN,2003,,974.0,452.0,972.0
JORDAN,2004,,1052.0,522.0,1050.0
JORDAN,2005,,1064.0,505.0,1061.0
JORDAN,2006,,1201.0,559.0,1199.0
JORDAN,2007,,1221.0,595.0,1220.0
JORDAN,2008,635.0,1293.0,633.0,1292.0
JORDAN,2009,516.0,999.0,515.0,997.0
JORDAN,2010,473.0,877.0,469.0,873.0
JORDAN,2011,551.0,1012.0,550.0,1011.0
JORDAN,2012,583.0,1082.0,582.0,1080.0
JORDAN,2013,674.0,1205.0,,1203.0
JORDAN,2014,649.0,1287.0,,1286.0
JORDAN,2015,626.0,1189.0,,1188.0
JORDAN,2016,813.0,1788.0,808.0,1782.0
JORDAN,2017,759.0,1439.0,753.0,1433.0
JORDAN,2018,909.0,1305.0,904.0,1301.0
JORDAN,2019,1089.0,2016.0,1087.0,2014.0
JORDAN,2020,650.0,1070.0,627.0,1046.0
JORDAN,2021,978.0,1625.0,944.0,1589.0
JORDAN,2022,1008.0,1732.0,999.0,1723.0
KAZAKHSTAN,2000,,,,941.0
KAZAKHSTAN,2001,,,,476.0
KAZAKHSTAN,2002,,,,601.0
KAZAKHSTAN,2003,,,,689.0
KAZAKHSTAN,2004,,,,815.0
KAZAKHSTAN,2005,,,,963.0
KAZAKHSTAN,2006,,,,1140.0
KAZAKHSTAN,2007,,,,1416.0
KAZAKHSTAN,2008,,,,1980.0
KAZAKHSTAN,2009,,,,1773.0
KAZAKHSTAN,2010,,,,1946.0
KAZAKHSTAN,2011,,,,2209.0
KAZAKHSTAN,2012,,,,2448.0
KAZAKHSTAN,2013,,,,2573.0
KAZAKHSTAN,2014,,,,2978.0
KAZAKHSTAN,2015,,,,2685.0
KAZAKHSTAN,2016,,,,3245.0
KAZAKHSTAN,2017,,,,4195.0
KAZAKHSTAN,2018,,,,4415.0
KAZAKHSTAN,2019,,,,4871.0
KAZAKHSTAN,2020,,,,3047.0
KAZAKHSTAN,2021,,,,4803.0
KAZAKHSTAN,2022,,,,5970.0
KENYA,2000,,,,794.0
KENYA,2001,,,,740.0
KENYA,2002,,,,656.0
KENYA,2003,,,,739.0
KENYA,2004,,,,1190.0
KENYA,2005,,,,1130.0
KENYA,2006,,,,1375.0
KENYA,2007,,,,1870.0
KENYA,2008,,,,1567.0
KENYA,2009,,,,2151.0
KENYA,2010,,,,2349.0
KENYA,2011,,,,2603.0
KENYA,2012,,,,2788.0
KENYA,2013,,,,2699.0
KENYA,2014,,,,2948.0
KENYA,2015,,,,3154.0
KENYA,2016,,,,3496.0
KENYA,2017,,,,3645.0
KENYA,2018,,,,4489.0
KENYA,2019,,,,4956.0
"KOREA, REPUBLIC OF",2009,,,10948.0,19395.0
"KOREA, REPUBLIC OF",2010,,,12001.0,21456.0
"KOREA, REPUBLIC OF",2011,,,12023.0,22273.0
"KOREA, REPUBLIC OF",2012,,,12080.0,19494.0
"KOREA, REPUBLIC OF",2013,,,12029.0,17497.0
"KOREA, REPUBLIC OF",2014,,,10939.0,16828.0
"KOREA, REPUBLIC OF",2015,,,9864.0,15956.0
"KOREA, REPUBLIC OF",2016,,,16004.0,20144.0
"KOREA, REPUBLIC OF",2017,,,20188.0,26488.0
"KOREA, REPUBLIC OF",2018,,,23836.0,
KYRGYZSTAN,2000,,,102.0,208.0
KYRGYZSTAN,2001,,,72.0,130.0
KYRGYZSTAN,2002,,,80.0,134.0
KYRGYZSTAN,2003,,,82.0,131.0
KYRGYZSTAN,2004,,,101.0,136.0
KYRGYZSTAN,2005,,,92.0,128.0
KYRGYZSTAN,2006,,,95.0,141.0
KYRGYZSTAN,2007,,,117.0,159.0
KYRGYZSTAN,2008,,,129.0,162.0
KYRGYZSTAN,2009,,,127.0,177.0
KYRGYZSTAN,2010,,,100.0,139.0
KYRGYZSTAN,2011,,,118.0,161.0
KYRGYZSTAN,2012,,,148.0,214.0
KYRGYZSTAN,2013,,,160.0,257.0
KYRGYZSTAN,2014,,,155.0,211.0
KYRGYZSTAN,2015,,,165.0,235.0
KYRGYZSTAN,2016,,,151.0,242.0
KYRGYZSTAN,2017,,,161.0,258.0
KYRGYZSTAN,2018,,,153.0,230.0
KYRGYZSTAN,2019,,,155.0,231.0
KYRGYZSTAN,2020,,,77.0,119.0
KYRGYZSTAN,2021,,,139.0,212.0
KYRGYZSTAN,2022,,,311.0,512.0
LATVIA,2000,,787.0,204.0,669.0
LATVIA,2001,,769.0,210.0,638.0
LATVIA,2002,,821.0,225.0,674.0
LATVIA,2003,,825.0,257.0,669.0
LATVIA,2004,,865.0,287.0,717.0
LATVIA,2005,,1022.0,354.0,796.0
LATVIA,2006,,1241.0,418.0,855.0
LATVIA,2007,,1389.0,541.0,979.0
LATVIA,2008,611.0,1385.0,483.0,941.0
LATVIA,2009,360.0,843.0,302.0,599.0
LATVIA,2010,434.0,922.0,356.0,674.0
LATVIA,2011,522.0,1037.0,427.0,757.0
LATVIA,2012,548.0,1118.0,,
LATVIA,2013,589.0,1136.0,474.0,803.0
LATVIA,2014,667.0,1282.0,545.0,947.0
LATVIA,2015,665.0,1236.0,493.0,821.0
LATVIA,2016,730.0,1372.0,515.0,872.0
LATVIA,2017,798.0,1544.0,545.0,920.0
LATVIA,2018,883.0,1626.0,614.0,1019.0
LATVIA,2019,907.0,1658.0,617.0,1036.0
LATVIA,2020,748.0,1385.0,493.0,878.0
LATVIA,2021,864.0,1516.0,566.0,978.0
LATVIA,2022,1033.0,1770.0,688.0,1150.0
LIBYA,2000,,971.0,,
LIBYA,2001,,970.0,,
LIBYA,2002,,972.0,,
LIBYA,2003,,968.0,,
LIECHTENSTEIN,2000,,,1.3,2.8
LIECHTENSTEIN,2001,,,1.3,2.8
LIECHTENSTEIN,2002,,,1.0,2.5
LIECHTENSTEIN,2003,,,1.2,2.6
LIECHTENSTEIN,2004,,,1.6,3.1
LIECHTENSTEIN,2005,,,1.3,2.9
LIECHTENSTEIN,2006,,,1.3,2.7
LIECHTENSTEIN,2007,4.8,15.6,1.3,2.5
LIECHTENSTEIN,2008,5.0,15.9,1.8,3.4
LIECHTENSTEIN,2009,5.9,17.9,2.1,3.8
LIECHTENSTEIN,2010,5.4,16.5,2.0,3.6
LIECHTENSTEIN,2011,5.9,18.2,2.5,4.9
LIECHTENSTEIN,2012,2.2,4.8,1.6,3.5
LIECHTENSTEIN,2013,1.1,2.8,0.7,1.7
LIECHTENSTEIN,2014,1.1,2.1,0.4,1.0
LIECHTENSTEIN,2015,1.0,2.0,0.5,1.1
LIECHTENSTEIN,2016,1.7,3.1,1.0,1.8
LIECHTENSTEIN,2017,1.7,3.7,1.1,2.1
LIECHTENSTEIN,2018,1.8,3.4,1.0,2.0
LIECHTENSTEIN,2019,1.8,3.5,1.0,2.0
LIECHTENSTEIN,2020,1.3,3.3,1.1,2.3
LIECHTENSTEIN,2021,2.6,6.1,2.0,4.3
LIECHTENSTEIN,2022,1.7,3.7,1.3,2.5
LITHUANIA,2000,332.0,1979.0,142.0,293.0
LITHUANIA,2001,350.0,2004.0,141.0,281.0
LITHUANIA,2002,333.0,1886.0,156.0,331.0
LITHUANIA,2003,376.0,1845.0,175.0,342.0
LITHUANIA,2004,491.0,2169.0,258.0,511.0
LITHUANIA,2005,644.0,2489.0,347.0,728.0
LITHUANIA,2006,781.0,2809.0,463.0,934.0
LITHUANIA,2007,931.0,3142.0,567.0,1082.0
LITHUANIA,2008,916.0,3021.0,565.0,1057.0
LITHUANIA,2009,675.0,2272.0,414.0,755.0
LITHUANIA,2010,713.0,2331.0,451.0,853.0
LITHUANIA,2011,789.0,2546.0,519.0,1019.0
LITHUANIA,2012,852.0,2643.0,586.0,1168.0
LITHUANIA,2013,950.0,2725.0,647.0,1230.0
LITHUANIA,2014,1034.0,2908.0,708.0,1292.0
LITHUANIA,2015,1142.0,3058.0,777.0,1367.0
LITHUANIA,2016,1258.0,3189.0,821.0,1406.0
LITHUANIA,2017,1377.0,3934.0,925.0,1554.0
LITHUANIA,2018,1551.0,4355.0,1025.0,1715.0
LITHUANIA,2019,2100.0,5432.0,1152.0,1911.0
LITHUANIA,2020,1615.0,3812.0,856.0,1535.0
LITHUANIA,2021,1963.0,4360.0,1049.0,1844.0
LITHUANIA,2022,2676.0,5459.0,1457.0,2446.0
LUXEMBOURG,2000,,271.0,18.0,67.0
LUXEMBOURG,2001,,274.0,20.0,72.0
LUXEMBOURG,2002,,281.0,22.0,78.0
LUXEMBOURG,2003,,269.0,24.0,80.0
LUXEMBOURG,2004,,279.0,24.0,85.0
LUXEMBOURG,2005,,246.0,29.0,85.0
LUXEMBOURG,2006,62.0,223.0,29.0,77.0
LUXEMBOURG,2007,63.0,206.0,32.0,94.0
LUXEMBOURG,2008,59.0,189.0,31.0,92.0
LUXEMBOURG,2009,59.0,175.0,31.0,92.0
LUXEMBOURG,2010,49.0,142.0,34.0,89.0
LUXEMBOURG,2011,61.0,180.0,34.0,96.0
LUXEMBOURG,2012,71.0,246.0,43.0,118.0
LUXEMBOURG,2013,100.0,324.0,68.0,156.0
LUXEMBOURG,2014,104.0,354.0,70.0,161.0
LUXEMBOURG,2015,107.0,325.0,69.0,152.0
LUXEMBOURG,2016,108.0,318.0,71.0,160.0
LUXEMBOURG,2017,110.0,318.0,73.0,167.0
LUXEMBOURG,2018,121.0,346.0,86.0,189.0
LUXEMBOURG,2019,124.0,348.0,86.0,185.0
LUXEMBOURG,2020,130.0,307.0,95.0,176.0
LUXEMBOURG,2021,137.0,351.0,101.0,198.0
LUXEMBOURG,2022,155.0,392.0,115.0,236.0
MALAYSIA,2000,,,13606.0,
MALAYSIA,2001,,,15564.0,
MALAYSIA,2002,,,16458.0,
MALAYSIA,2003,,,18335.0,
MALAYSIA,2004,,,27885.0,
MALAYSIA,2005,,,29926.0,
MALAYSIA,2006,,,31900.0,
MALAYSIA,2007,,,36254.0,
MALAYSIA,2008,,,40610.0,
MALAYSIA,2009,,,32920.0,
MALAYSIA,2010,,,27535.0,
MALAYSIA,2011,,,27737.0,
MALAYSIA,2012,,,29901.0,
MALAYSIA,2013,,,34270.0,
MALAYSIA,2014,,,45377.0,
MALAYSIA,2015,,,45942.0,
MALAYSIA,2016,,,46437.0,
MALAYSIA,2017,,,49246.0,
MALAYSIA,2018,,,52419.0,
MALAYSIA,2019,,,51093.0,
MALAYSIA,2020,,,30704.0,
MALAYSIA,2021,,,19872.0,
MALI,2000,,,,6.0
MALI,2001,,,,7.0
MALI,2002,,,,9.0
MALI,2003,,,38.0,54.0
MALI,2004,,,36.0,64.0
MALI,2005,,,44.0,71.0
MALI,2006,,,47.0,112.0
MALI,2007,,,57.0,124.0
MALI,2008,,,45.0,88.0
MALI,2009,,,44.0,92.0
MALI,2010,,,40.0,88.0
MALI,2011,,,38.0,80.0
MALI,2012,,,30.0,42.0
MALI,2013,,,34.0,62.0
MALI,2014,,,23.0,38.0
MALI,2015,,,31.0,30.0
MALI,2016,,,26.0,40.4
MALI,2017,,,24.0,36.0
MALI,2018,,,24.5,37.0
MALI,2019,,,23.0,37.0
MALI,2020,,,22.5,44.6
MALI,2021,,,42.8,52.3
MALI,2022,,,23.7,32.9
MALTA,2003,,,118.3,314.3
MALTA,2004,,,116.7,278.0
MALTA,2005,,,105.0,246.9
MALTA,2006,,,135.0,309.9
MALTA,2007,,,143.3,331.4
MALTA,2008,,,141.6,335.0
MALTA,2009,,,158.1,350.6
MALTA,2010,,,157.7,350.9
MALTA,2011,,,143.6,318.8
MALTA,2012,,,154.3,332.2
MALTA,2013,,,149.0,329.0
MALTA,2014,,,156.0,354.0
MALTA,2015,,,157.0,373.0
MALTA,2016,,,151.0,348.0
MALTA,2017,,,167.0,396.0
MALTA,2018,,,185.0,429.0
MALTA,2019,,,201.0,475.0
MEXICO,2000,,,30915.0,58288.0
MEXICO,2001,,,29618.0,57475.0
MEXICO,2002,,,29939.0,57174.0
MEXICO,2003,,,31128.0,58715.0
MEXICO,2004,,,34454.0,64355.0
MEXICO,2005,,,34547.0,64607.0
MEXICO,2006,,,35192.0,64124.0
MEXICO,2007,,,41961.0,74600.0
MEXICO,2008,,,45420.0,78498.0
MEXICO,2009,,,43088.0,73514.0
MEXICO,2010,,,45274.0,79187.0
MEXICO,2011,,,46582.0,84296.0
MEXICO,2012,,,47331.0,88154.0
MEXICO,2013,,,48441.0,88163.0
MEXICO,2014,,,49649.0,87650.0
MEXICO,2015,,,52875.0,94675.0
MEXICO,2016,,,55595.0,99854.0
MEXICO,2017,,,58945.0,102260.0
MEXICO,2018,,,61474.0,108279.0
MEXICO,2019,,,62205.0,112731.0
MEXICO,2020,,,28450.0,50524.0
MEXICO,2021,,,45706.0,81384.0
MEXICO,2022,,,60624.0,111057.0
"MOLDOVA, REPUBLIC OF",2000,,212.0,,
"MOLDOVA, REPUBLIC OF",2001,,253.0,,
"MOLDOVA, REPUBLIC OF",2002,,316.0,,
"MOLDOVA, REPUBLIC OF",2003,,400.0,,
"MOLDOVA, REPUBLIC OF",2004,218.0,1313.0,99.0,251.0
"MOLDOVA, REPUBLIC OF",2005,234.0,1432.0,104.0,264.0
"MOLDOVA, REPUBLIC OF",2006,249.0,1539.0,107.0,282.0
"MOLDOVA, REPUBLIC OF",2007,244.0,1544.0,90.0,234.0
"MOLDOVA, REPUBLIC OF",2008,207.0,1525.0,74.0,225.0
"MOLDOVA, REPUBLIC OF",2009,168.0,1252.0,56.0,195.0
"MOLDOVA, REPUBLIC OF",2010,166.0,1249.0,61.0,222.0
"MOLDOVA, REPUBLIC OF",2011,173.3,1250.5,59.3,210.5
"MOLDOVA, REPUBLIC OF",2012,179.0,1272.0,60.0,207.0
"MOLDOVA, REPUBLIC OF",2013,176.0,1263.0,63.0,216.0
"MOLDOVA, REPUBLIC OF",2014,189.0,1296.0,65.0,215.0
"MOLDOVA, REPUBLIC OF",2015,185.0,1252.0,58.0,203.0
"MOLDOVA, REPUBLIC OF",2016,185.0,1234.0,73.0,219.0
"MOLDOVA, REPUBLIC OF",2017,192.0,1218.0,75.0,225.0
"MOLDOVA, REPUBLIC OF",2018,204.0,1327.0,78.0,247.0
"MOLDOVA, REPUBLIC OF",2019,201.0,1205.0,75.0,202.0
"MOLDOVA, REPUBLIC OF",2020,62.0,306.0,41.0,129.0
"MOLDOVA, REPUBLIC OF",2021,109.0,604.0,61.0,198.0
"MOLDOVA, REPUBLIC OF",2022,172.0,924.0,79.0,216.0
MONACO,2015,,,10.1,25.7
MONACO,2016,,,4.0,13.0
MONACO,2017,,,5.0,17.0
MONACO,2018,,,6.0,16.0
MONACO,2019,,,6.0,14.0
MONACO,2020,,,2.0,16.0
MONACO,2021,,,3.2,16.0
MONACO,2022,,,5.1,12.3
MONTENEGRO,2002,406.0,2778.0,174.0,1370.0
MONTENEGRO,2003,458.0,3061.0,165.0,1314.0
MONTENEGRO,2004,515.0,3337.0,196.0,1552.0
MONTENEGRO,2005,548.0,3628.0,197.0,1505.0
MONTENEGRO,2006,576.0,3740.0,169.0,1200.0
MONTENEGRO,2007,149.0,851.0,84.0,331.0
MONTENEGRO,2008,157.0,828.0,96.0,348.0
MONTENEGRO,2009,164.0,856.0,88.0,326.0
MONTENEGRO,2010,175.0,987.0,85.0,331.0
MONTENEGRO,2011,172.0,956.0,83.0,292.0
MONTENEGRO,2012,175.0,1008.0,80.0,286.0
MONTENEGRO,2013,168.0,998.0,69.0,241.0
MONTENEGRO,2014,167.0,957.0,63.0,205.0
MONTENEGRO,2015,153.0,748.0,76.0,229.0
MONTENEGRO,2016,152.0,722.0,77.0,230.0
MONTENEGRO,2017,123.0,483.0,112.0,431.0
MONTENEGRO,2018,128.0,487.0,118.0,445.0
MONTENEGRO,2019,136.0,522.0,125.0,480.0
MONTENEGRO,2020,93.0,361.0,89.0,343.0
MONTENEGRO,2021,117.0,449.0,101.0,376.0
MONTENEGRO,2022,148.0,561.0,140.0,528.0
MOROCCO,2000,,,1079.0,2272.0
MOROCCO,2001,,,1117.0,2402.0
MOROCCO,2002,,,1173.0,2455.0
MOROCCO,2003,,,1250.0,2658.0
MOROCCO,2004,,,1331.0,2858.0
MOROCCO,2005,,,1400.0,2956.0
MOROCCO,2006,,,1403.0,2981.0
MOROCCO,2007,,,1502.0,3191.0
MOROCCO,2008,,,1587.0,3394.0
MOROCCO,2009,22178.0,182141.0,1702.0,3718.0
MOROCCO,2010,22913.0,186224.0,1858.0,4065.0
MOROCCO,2011,,,2061.0,4449.0
MOROCCO,2012,,,2265.0,4936.0
MOROCCO,2013,,,2401.0,5189.0
MOROCCO,2014,23600.0,198000.0,2405.0,5317.0
MOROCCO,2015,,,2650.0,5907.0
MOROCCO,2016,,,2936.0,6563.0
MOROCCO,2017,,,3121.0,7057.0
MOROCCO,2018,,,3247.0,7166.0
MOROCCO,2019,,,3550.0,7838.0
MOROCCO,2020,,,1442.0,3506.0
MOROCCO,2021,,,2766.0,6379.0
MOROCCO,2022,,,3505.0,7940.0
MOZAMBIQUE,2001,,,137.0,242.0
MOZAMBIQUE,2002,,,130.0,243.0
MOZAMBIQUE,2003,,,122.0,224.0
MOZAMBIQUE,2004,,,158.0,298.0
MOZAMBIQUE,2005,,,248.0,467.0
MOZAMBIQUE,2006,,,181.0,363.0
MOZAMBIQUE,2007,,,217.0,393.0
MOZAMBIQUE,2008,,,245.0,437.0
MOZAMBIQUE,2009,,,246.0,433.0
MOZAMBIQUE,2010,,,254.0,518.0
MOZAMBIQUE,2011,,,278.0,616.0
MOZAMBIQUE,2012,,,248.0,425.0
MOZAMBIQUE,2013,,,251.0,434.0
MOZAMBIQUE,2014,,,264.0,443.0
MOZAMBIQUE,2015,,,257.0,431.0
MOZAMBIQUE,2016,,,208.0,318.0
MOZAMBIQUE,2017,,,197.0,339.0
MOZAMBIQUE,2018,,,197.0,367.0
MOZAMBIQUE,2019,,,219.0,357.0
MOZAMBIQUE,2020,,,155.0,276.0
MOZAMBIQUE,2021,,,159.0,291.0
MYANMAR,2006,,822.0,,601.0
NAMIBIA,2000,218.0,272.0,88.0,142.0
NAMIBIA,2001,296.0,584.0,134.0,254.0
NAMIBIA,2002,249.0,445.0,150.0,269.0
NAMIBIA,2003,,123.0,49.0,82.0
NAMIBIA,2008,548.0,,,
NAMIBIA,2009,287.0,,,
NAMIBIA,2010,446.0,,,
NAMIBIA,2011,420.0,,,
NAMIBIA,2012,528.0,,,
NAMIBIA,2013,581.0,,,
NETHERLANDS,2000,15873.0,55310.0,7801.0,14027.0
NETHERLANDS,2001,15686.0,54973.0,7601.0,13608.0
NETHERLANDS,2002,15569.0,56004.0,7515.0,13593.0
NETHERLANDS,2003,15761.0,55864.0,7379.0,13384.0
NETHERLANDS,2004,16021.0,55518.0,7911.0,13761.0
NETHERLANDS,2005,16182.0,54951.0,8301.0,14375.0
NETHERLANDS,2006,17765.0,57057.0,9463.0,15783.0
NETHERLANDS,2007,19252.0,60315.0,10516.0,17831.0
NETHERLANDS,2008,18998.0,59185.0,10461.0,17657.0
NETHERLANDS,2009,19039.0,59502.0,10092.0,17052.0
NETHERLANDS,2010,19125.0,58073.0,10499.0,17533.0
NETHERLANDS,2011,19367.0,57629.0,10849.0,17891.0
NETHERLANDS,2012,19633.0,56265.0,11113.0,18352.0
NETHERLANDS,2013,21267.0,64304.0,11504.0,19039.0
NETHERLANDS,2014,21931.0,65328.0,12143.0,19680.0
NETHERLANDS,2015,22311.0,66237.0,12410.0,19910.0
NETHERLANDS,2016,23054.0,66589.0,13349.0,21421.0
NETHERLANDS,2017,24311.0,67529.0,14419.0,22529.0
NETHERLANDS,2018,25132.0,69080.0,14975.0,23743.0
NETHERLANDS,2019,25786.0,71692.0,15058.0,24272.0
NETHERLANDS,2020,20035.0,64042.0,11061.0,18445.0
NETHERLANDS,2021,25472.0,82479.0,13113.0,21820.0
NETHERLANDS,2022,28511.0,82233.0,16469.0,27302.0
NEW CALEDONIA,2000,,,45.0,111.0
NEW CALEDONIA,2001,,,51.0,123.0
NEW CALEDONIA,2002,,,54.0,129.0
NEW CALEDONIA,2003,,,59.0,156.0
NEW CALEDONIA,2004,,,63.0,167.0
NEW CALEDONIA,2005,,,69.0,193.0
NEW CALEDONIA,2006,,,82.0,233.0
NEW CALEDONIA,2007,,,100.0,207.0
NEW CALEDONIA,2008,,,112.0,255.0
NEW CALEDONIA,2009,,,117.0,265.0
NEW CALEDONIA,2010,,,130.0,256.0
NEW CALEDONIA,2011,,,173.0,348.0
NEW CALEDONIA,2012,,,166.0,344.0
NEW CALEDONIA,2013,,,158.0,321.0
NEW CALEDONIA,2014,,,147.0,286.0
NEW ZEALAND,2008,,18825.0,,13279.0
NEW ZEALAND,2009,,18734.0,,14570.0
NEW ZEALAND,2010,,18829.0,,14654.0
NEW ZEALAND,2011,,19033.0,,14814.0
NEW ZEALAND,2012,,19250.0,,15022.0
NEW ZEALAND,2013,,19630.0,,15347.0
NEW ZEALAND,2014,,20758.0,,16340.0
NEW ZEALAND,2015,,21537.0,,16804.0
NEW ZEALAND,2016,,22049.0,,16986.0
NEW ZEALAND,2017,,22225.0,,16962.0
NEW ZEALAND,2018,,22778.0,,17278.0
NEW ZEALAND,2021,,23640.0,,16079.0
NEW ZEALAND,2022,,25773.0,,18327.0
NICARAGUA,2000,,182.0,60.0,96.0
NICARAGUA,2001,,191.0,65.0,106.0
NICARAGUA,2002,,169.0,73.0,101.0
NICARAGUA,2003,,241.0,74.0,102.0
NICARAGUA,2004,,220.0,61.0,118.0
NICARAGUA,2005,118.0,205.0,71.0,130.0
NICARAGUA,2006,142.0,322.0,87.0,245.0
NICARAGUA,2007,128.0,326.0,107.0,285.0
NICARAGUA,2008,150.0,248.0,111.0,189.0
NICARAGUA,2009,144.0,239.0,108.0,182.0
NICARAGUA,2010,179.0,209.0,146.0,165.0
NICARAGUA,2011,191.0,267.0,145.0,200.0
NICARAGUA,2012,230.0,319.0,171.0,241.0
NICARAGUA,2013,277.0,370.0,176.0,239.0
NICARAGUA,2014,287.0,387.0,197.0,264.0
NICARAGUA,2015,299.0,403.0,205.0,275.0
NICARAGUA,2016,325.0,438.0,223.0,299.0
NICARAGUA,2017,401.0,521.0,275.0,357.0
NICARAGUA,2018,332.0,443.0,228.0,304.0
NICARAGUA,2019,379.0,418.0,260.0,286.0
NICARAGUA,2020,287.0,403.0,240.0,337.0
NICARAGUA,2021,361.0,541.0,302.0,453.0
NICARAGUA,2022,392.8,598.5,328.9,501.0
NIGER,2001,,,12.0,31.0
NIGER,2002,,,13.0,37.0
NIGER,2003,,,11.0,25.0
NIGER,2004,,,8.0,15.0
NIGER,2005,,,8.0,18.0
NIGER,2006,,,9.0,19.0
NIGER,2007,,,17.0,39.0
NIGER,2008,,,23.0,35.0
NORTH MACEDONIA,2000,409.0,1941.0,195.0,443.0
NORTH MACEDONIA,2001,234.0,1042.0,119.0,266.0
NORTH MACEDONIA,2002,319.0,1576.0,154.0,366.0
NORTH MACEDONIA,2003,325.0,1661.0,146.0,347.0
NORTH MACEDONIA,2004,300.0,1505.0,128.0,289.0
NORTH MACEDONIA,2005,312.0,1527.0,128.0,275.0
NORTH MACEDONIA,2006,297.0,1475.0,121.0,267.0
NORTH MACEDONIA,2007,306.0,1502.0,132.0,283.0
NORTH MACEDONIA,2008,350.0,1648.0,135.0,277.0
NORTH MACEDONIA,2009,329.0,1518.0,134.0,267.0
NORTH MACEDONIA,2010,325.0,1461.0,118.0,236.0
NORTH MACEDONIA,2011,320.0,1418.0,121.0,236.0
NORTH MACEDONIA,2012,312.0,1340.0,125.0,238.0
NORTH MACEDONIA,2013,302.0,1276.0,129.0,241.0
NORTH MACEDONIA,2014,310.0,1273.0,140.0,257.0
NORTH MACEDONIA,2015,331.0,1358.0,153.0,284.0
NORTH MACEDONIA,2016,346.0,1407.0,169.0,304.0
NORTH MACEDONIA,2017,368.0,1480.0,175.0,321.0
NORTH MACEDONIA,2018,420.0,1685.0,211.0,464.0
NORTH MACEDONIA,2019,427.0,1685.0,223.0,476.0
NORTH MACEDONIA,2020,349.0,1445.0,200.0,470.0
NORTH MACEDONIA,2021,409.0,1643.0,212.0,470.0
NORTH MACEDONIA,2022,432.0,1704.0,225.0,489.0
NORWAY,2000,10424.0,16801.0,7032.0,11398.0
NORWAY,2001,10570.0,17010.0,7173.0,11599.0
NORWAY,2002,10529.0,17109.0,7029.0,11482.0
NORWAY,2003,,16853.0,6998.0,11262.0
NORWAY,2004,,17832.0,7319.0,11764.0
NORWAY,2005,,18628.0,7736.0,12349.0
NORWAY,2006,,19567.0,8122.0,12859.0
NORWAY,2007,,20338.0,8446.0,13458.0
NORWAY,2008,,20449.0,8348.0,13328.0
NORWAY,2009,,20502.0,8294.0,13227.0
NORWAY,2010,,20637.0,8463.0,13595.0
NORWAY,2011,,21230.0,9016.0,14304.0
NORWAY,2012,14124.0,21974.0,9483.0,14753.0
NORWAY,2013,13826.0,21551.0,9511.0,14700.0
NORWAY,2014,18679.0,22152.0,9472.0,15007.0
NORWAY,2015,17095.0,22825.0,9724.0,15634.0
NORWAY,2016,14673.0,23387.0,10052.0,15996.0
NORWAY,2017,14872.0,23348.0,10636.0,16695.0
NORWAY,2018,12840.0,23698.0,10778.0,17085.0
NORWAY,2019,13122.0,24478.0,11178.0,17964.0
NORWAY,2020,10423.0,20403.0,7465.0,12701.0
NORWAY,2021,12306.0,23783.0,8300.0,14563.0
NORWAY,2022,13133.0,26314.0,10963.0,18432.0
PAKISTAN,2000,,,2940.0,10942.0
PAKISTAN,2001,,,7772.0,10747.0
PAKISTAN,2002,,,8679.0,11500.0
PAKISTAN,2003,,,9883.0,12520.0
PAKISTAN,2004,,,9598.0,12935.0
PAKISTAN,2005,,,9947.0,13173.0
PAKISTAN,2006,,,11086.0,
PAKISTAN,2007,,,11197.0,
PAKISTAN,2008,,,8386.0,
PERU,2000,,,,11828.0
PERU,2001,,,9545.0,12273.0
PERU,2002,,,10529.0,13643.0
PERU,2003,,,14898.0,18078.0
PERU,2004,,,15403.0,18630.0
PERU,2005,,,17055.0,20663.0
PERU,2006,,,16064.0,20763.0
PERU,2007,,,18251.0,23716.0
PERU,2008,,,20345.0,25904.0
PERU,2009,,,22495.0,28460.0
PERU,2010,,,26908.0,33711.0
PERU,2011,,,31052.0,38880.0
PERU,2012,,,35176.0,44140.0
PERU,2013,,,38438.0,49385.0
PERU,2014,,,39173.0,50751.0
PERU,2015,,,40545.0,51808.0
PERU,2016,,,42640.0,54706.0
PERU,2017,,,43996.0,55733.0
PERU,2018,,,47466.0,59490.0
PERU,2019,,,54897.0,68969.0
PERU,2020,,,34589.0,50101.0
PERU,2021,,,45715.0,57892.0
PERU,2022,,,48234.0,59408.0
POLAND,2000,11506.0,41903.0,4742.0,9352.0
POLAND,2001,11147.0,38956.0,4340.0,8297.0
POLAND,2002,11094.0,37127.0,4580.0,8382.0
POLAND,2003,11312.0,37520.0,4834.0,8813.0
POLAND,2004,11812.0,37344.0,6273.0,11572.0
POLAND,2005,12287.0,38076.0,6805.0,12464.0
POLAND,2006,13199.0,40680.0,7564.0,13910.0
POLAND,2007,14560.0,44036.0,8652.0,15898.0
POLAND,2008,15510.0,46472.0,9510.0,17300.0
POLAND,2009,15492.0,45411.0,9592.0,17036.0
POLAND,2010,16766.0,47178.0,10687.0,19112.0
POLAND,2011,17569.0,48247.0,11765.0,21114.0
POLAND,2012,17656.0,50138.0,11968.0,22119.0
POLAND,2013,18158.0,50488.0,12696.0,23244.0
POLAND,2014,19614.0,53587.0,14110.0,25772.0
POLAND,2015,21253.0,57477.0,15445.0,28329.0
POLAND,2016,23730.0,63815.0,16937.0,31405.0
POLAND,2017,25186.0,67176.0,18102.0,33499.0
POLAND,2018,26814.0,71118.0,19283.0,36019.0
POLAND,2019,28208.0,74659.0,20640.0,38628.0
POLAND,2020,15615.0,44754.0,11183.0,23313.0
POLAND,2021,19689.0,55673.0,14417.0,29398.0
POLAND,2022,28402.0,75195.0,21907.0,42982.0
PORTUGAL,2000,5500.0,16171.0,4397.0,9693.0
PORTUGAL,2001,5515.0,16111.0,4459.0,9985.0
PORTUGAL,2002,5819.0,16692.0,4674.0,10646.0
PORTUGAL,2003,5900.0,16713.0,4714.0,10661.0
PORTUGAL,2004,6058.0,17105.0,4934.0,11139.0
PORTUGAL,2005,6488.0,17877.0,5274.0,11648.0
PORTUGAL,2006,6697.0,18680.0,5866.0,12350.0
PORTUGAL,2007,7256.0,19295.0,6058.0,12968.0
PORTUGAL,2008,7439.0,19190.0,6050.0,13024.0
PORTUGAL,2009,7649.0,19340.0,6189.0,13243.0
PORTUGAL,2010,7746.0,19649.0,6425.0,13783.0
PORTUGAL,2011,7586.0,19012.0,6322.0,13437.0
PORTUGAL,2012,7142.0,17747.0,5937.0,12424.0
PORTUGAL,2013,8222.0,17845.0,5402.0,11100.0
PORTUGAL,2014,7860.0,19388.0,6111.0,12669.0
PORTUGAL,2015,8615.0,20588.0,6544.0,13390.0
PORTUGAL,2016,9225.0,22172.0,6986.0,14230.0
PORTUGAL,2017,9770.0,23303.0,7403.0,15000.0
PORTUGAL,2018,11376.0,24717.0,7852.0,16047.0
PORTUGAL,2019,12213.0,26115.0,8335.0,16815.0
PORTUGAL,2020,7460.0,16875.0,5123.0,10751.0
PORTUGAL,2021,9629.0,22486.0,6710.0,14867.0
PORTUGAL,2022,12552.0,27488.0,8899.0,18329.0
PUERTO RICO,2000,,,571.0,
PUERTO RICO,2001,,,586.0,
PUERTO RICO,2002,,,617.0,
PUERTO RICO,2003,,,660.0,
PUERTO RICO,2004,,,638.0,
PUERTO RICO,2005,,,658.0,
PUERTO RICO,2006,,,664.0,
PUERTO RICO,2007,,,656.0,
PUERTO RICO,2008,,,661.0,
PUERTO RICO,2009,,,656.0,
PUERTO RICO,2010,,,681.0,
PUERTO RICO,2011,,,716.0,
PUERTO RICO,2012,,,817.0,
PUERTO RICO,2013,,,852.0,
PUERTO RICO,2014,,,844.0,
PUERTO RICO,2015,,,851.0,
PUERTO RICO,2016,,,850.0,
PUERTO RICO,2017,,,843.0,
PUERTO RICO,2018,,,484.0,
PUERTO RICO,2019,,,580.0,
PUERTO RICO,2020,,,485.0,
PUERTO RICO,2021,,,534.0,
PUERTO RICO,2022,,,663.0,
ROMANIA,2000,4053.0,15497.0,3660.0,13862.0
ROMANIA,2001,3960.0,15731.0,3575.0,14071.0
ROMANIA,2002,3848.0,14743.0,3505.0,13369.0
ROMANIA,2003,3952.0,15079.0,3636.0,13867.0
ROMANIA,2004,4279.0,15168.0,3963.0,13980.0
ROMANIA,2005,4375.0,14909.0,4139.0,14094.0
ROMANIA,2006,4836.0,15750.0,4604.0,14929.0
ROMANIA,2007,5421.0,17007.0,5186.0,16259.0
ROMANIA,2008,5659.0,17367.0,5420.0,16580.0
ROMANIA,2009,4866.0,14658.0,4663.0,13932.0
ROMANIA,2010,4726.0,13285.0,4562.0,12733.0
ROMANIA,2011,5515.0,14913.0,5356.0,14385.0
ROMANIA,2012,6030.0,15869.0,5893.0,15429.0
ROMANIA,2013,6226.0,15885.0,6105.0,15491.0
ROMANIA,2014,6551.0,16512.0,6422.0,16092.0
ROMANIA,2015,7682.0,19048.0,7530.0,18531.0
ROMANIA,2016,8522.0,20609.0,8373.0,20135.0
ROMANIA,2017,9383.0,21801.0,9224.0,21270.0
ROMANIA,2018,10109.0,23315.0,9936.0,22788.0
ROMANIA,2019,10691.0,24795.0,10505.0,24189.0
ROMANIA,2020,5945.0,13582.0,5814.0,13209.0
ROMANIA,2021,9326.0,20823.0,9191.0,20467.0
ROMANIA,2022,10914.0,23378.0,10772.0,23000.0
RUSSIAN FEDERATION,2001,,,13874.0,37143.0
RUSSIAN FEDERATION,2002,,146890.0,13678.0,35343.0
RUSSIAN FEDERATION,2003,,140160.0,13539.0,35499.0
RUSSIAN FEDERATION,2004,,143039.0,13741.0,35549.0
RUSSIAN FEDERATION,2005,,155635.0,15047.0,40730.0
RUSSIAN FEDERATION,2006,30247.0,157207.0,16451.0,42630.0
RUSSIAN FEDERATION,2007,28695.0,156980.0,18304.0,44334.0
RUSSIAN FEDERATION,2008,31517.0,165463.0,20934.0,52718.0
RUSSIAN FEDERATION,2009,24917.0,144130.0,15586.0,39441.0
RUSSIAN FEDERATION,2010,27167.0,,17922.0,
RUSSIAN FEDERATION,2011,29310.0,,20336.0,
RUSSIAN FEDERATION,2012,31798.0,,22477.0,
RUSSIAN FEDERATION,2013,32561.0,,23351.0,
RUSSIAN FEDERATION,2014,33799.0,,24475.0,
RUSSIAN FEDERATION,2015,43657.0,212195.0,31378.0,
RUSSIAN FEDERATION,2016,48355.0,216838.0,42981.0,115175.0
RUSSIAN FEDERATION,2017,53595.0,253023.0,48412.0,135905.0
RUSSIAN FEDERATION,2018,62210.0,274585.0,48056.0,
RUSSIAN FEDERATION,2019,65190.0,283191.0,,
SAUDI ARABIA,2002,,334100.0,,
SAUDI ARABIA,2003,,284900.0,,
SAUDI ARABIA,2004,35285.0,216870.0,19954.0,117162.0
SAUDI ARABIA,2005,30236.0,196737.0,17031.0,108236.0
SAUDI ARABIA,2006,27080.0,183527.0,15894.0,99858.0
SAUDI ARABIA,2007,28549.0,188403.0,18075.0,117811.0
SAUDI ARABIA,2008,28775.0,199037.0,17851.0,121884.0
SAUDI ARABIA,2009,32014.0,198477.0,22998.0,136998.0
SAUDI ARABIA,2010,22780.0,116982.0,17267.0,81868.0
SAUDI ARABIA,2011,26155.0,121989.0,16471.0,69011.0
SAUDI ARABIA,2012,19039.0,103392.0,11792.0,53333.0
SAUDI ARABIA,2013,23783.0,98573.0,13842.0,53565.0
SAUDI ARABIA,2014,37101.0,165274.0,22954.0,86941.0
SAUDI ARABIA,2015,46450.0,240853.0,34543.0,166097.0
SAUDI ARABIA,2016,45036.0,235804.0,32805.0,157619.0
SAUDI ARABIA,2017,43821.0,224212.0,29120.0,130971.0
SAUDI ARABIA,2018,43255.0,232122.0,29034.0,140452.0
SAUDI ARABIA,2019,47805.0,268751.0,31234.0,155540.0
SAUDI ARABIA,2020,42107.0,228538.0,25976.0,121909.0
SAUDI ARABIA,2021,63845.0,353331.0,36063.0,161334.0
SAUDI ARABIA,2022,77837.0,369606.0,48314.0,205161.0
SENEGAL,2000,,,53.0,106.0
SENEGAL,2001,,,57.0,118.0
SENEGAL,2002,,,61.0,133.0
SENEGAL,2003,,,65.0,156.0
SENEGAL,2004,,,71.0,159.0
SENEGAL,2005,,,81.0,198.0
SENEGAL,2006,,,72.0,177.0
SENEGAL,2007,,,93.0,223.0
SENEGAL,2014,,,308.0,563.0
SENEGAL,2015,,,396.0,774.0
SENEGAL,2016,,,485.0,970.0
SENEGAL,2017,,,548.0,1096.0
SERBIA,2002,1898.0,6468.0,1305.0,3748.0
SERBIA,2003,1659.0,5893.0,1121.0,3336.0
SERBIA,2004,1580.0,5792.0,1113.0,3362.0
SERBIA,2005,1536.0,5508.0,1079.0,3198.0
SERBIA,2006,1538.0,5577.0,1058.0,3120.0
SERBIA,2007,1611.0,5853.0,1097.0,3187.0
SERBIA,2008,1620.0,5935.0,1090.0,3230.0
SERBIA,2009,1373.0,5293.0,906.0,2648.0
SERBIA,2010,1318.0,4961.0,865.0,2416.0
SERBIA,2011,1304.0,5002.0,864.0,2396.0
SERBIA,2012,1270.0,4689.0,855.0,2427.0
SERBIA,2013,1271.0,4579.0,857.0,2369.0
SERBIA,2014,1164.0,3925.0,801.0,2073.0
SERBIA,2015,1305.0,4242.0,904.0,2307.0
SERBIA,2016,1472.0,4795.0,1004.0,2632.0
SERBIA,2017,1589.0,5150.0,1085.0,2864.0
SERBIA,2018,1720.0,5678.0,1143.0,3002.0
SERBIA,2019,1843.0,6063.0,1211.0,3190.0
SERBIA,2020,1374.0,4937.0,850.0,2590.0
SERBIA,2021,1720.0,5733.0,1139.0,3197.0
SERBIA,2022,2096.0,7306.0,1060.0,2731.0
SERBIA AND MONTENEGRO,2000,,10008.0,1529.0,5513.0
SERBIA AND MONTENEGRO,2001,,9926.0,1531.0,5297.0
SEYCHELLES,2000,,,,12.0
SEYCHELLES,2001,,,,12.0
SEYCHELLES,2002,,,,14.0
SEYCHELLES,2003,,,,8.0
SEYCHELLES,2004,,,,10.0
SEYCHELLES,2005,,,,12.0
SEYCHELLES,2006,,,,18.0
SEYCHELLES,2007,,,,20.0
SEYCHELLES,2008,,,,17.0
SEYCHELLES,2009,,,,17.0
SEYCHELLES,2010,,,,18.0
SEYCHELLES,2011,,,,21.0
SEYCHELLES,2012,,,,28.0
SEYCHELLES,2013,,,,25.0
SEYCHELLES,2014,,,,30.0
SEYCHELLES,2015,,,,29.0
SEYCHELLES,2016,,,,29.0
SEYCHELLES,2017,,,,31.0
SEYCHELLES,2018,,,,36.0
SEYCHELLES,2019,,,,40.0
SEYCHELLES,2020,,,,29.0
SEYCHELLES,2021,,,,22.0
SEYCHELLES,2022,,,,20.0
SLOVAKIA,2000,1741.0,6798.0,1341.0,3768.0
SLOVAKIA,2001,1942.0,6942.0,1460.0,3837.0
SLOVAKIA,2002,2048.0,7263.0,1591.0,4917.0
SLOVAKIA,2003,1987.0,7095.0,1530.0,4789.0
SLOVAKIA,2004,1843.0,6074.0,1439.0,4148.0
SLOVAKIA,2005,1913.0,5861.0,1495.0,3978.0
SLOVAKIA,2006,1972.0,6004.0,1521.0,3936.0
SLOVAKIA,2007,2092.0,6368.0,1585.0,4082.0
SLOVAKIA,2008,2316.0,7203.0,1769.0,4620.0
SLOVAKIA,2009,2083.0,6622.0,1570.0,4168.0
SLOVAKIA,2010,2066.0,6561.0,1613.0,4282.0
SLOVAKIA,2011,2111.0,6486.0,1479.0,3744.0
SLOVAKIA,2012,2247.0,6807.0,1593.0,3925.0
SLOVAKIA,2013,2379.0,7147.0,1704.0,4151.0
SLOVAKIA,2014,2253.0,6996.0,1629.0,4138.0
SLOVAKIA,2015,2609.0,7894.0,1910.0,4784.0
SLOVAKIA,2016,2997.0,8993.0,2210.0,5528.0
SLOVAKIA,2017,3213.0,9507.0,2376.0,5868.0
SLOVAKIA,2018,3340.0,9819.0,2462.0,6106.0
SLOVAKIA,2019,3958.0,11453.0,2917.0,7238.0
SLOVAKIA,2020,2356.0,7443.0,1688.0,4640.0
SLOVAKIA,2021,2149.0,6704.0,1550.0,4357.0
SLOVENIA,2000,868.0,3232.0,512.0,1860.0
SLOVENIA,2001,867.0,3316.0,468.0,1715.0
SLOVENIA,2002,860.0,3300.0,463.0,1714.0
SLOVENIA,2003,873.0,3327.0,463.0,1725.0
SLOVENIA,2004,842.0,3226.0,467.0,1707.0
SLOVENIA,2005,840.0,3171.0,459.0,1653.0
SLOVENIA,2006,868.0,3233.0,484.0,1746.0
SLOVENIA,2007,930.0,3393.0,523.0,1839.0
SLOVENIA,2008,1126.0,3963.0,643.0,2175.0
SLOVENIA,2009,1161.0,4077.0,648.0,2234.0
SLOVENIA,2010,1251.0,4353.0,650.0,2233.0
SLOVENIA,2011,1300.0,4363.0,683.0,2278.0
SLOVENIA,2012,1259.0,4163.0,651.0,2139.0
SLOVENIA,2013,1244.0,4037.0,638.0,2063.0
SLOVENIA,2014,1226.0,3906.0,650.0,2032.0
SLOVENIA,2015,1352.0,4172.0,696.0,2129.0
SLOVENIA,2016,1437.0,4308.0,727.0,2193.0
SLOVENIA,2017,1513.0,4523.0,779.0,2309.0
SLOVENIA,2018,1508.0,4519.0,747.0,2193.0
SLOVENIA,2019,1528.0,4405.0,757.0,2137.0
SLOVENIA,2020,1849.0,5850.0,849.0,2616.0
SLOVENIA,2021,2171.0,6457.0,1086.0,3131.0
SLOVENIA,2022,1933.0,5507.0,986.0,2741.0
SOUTH AFRICA,2007,,158455.0,,29805.0
SOUTH AFRICA,2008,,149041.0,,26106.0
SOUTH AFRICA,2009,,128402.0,,16891.0
SOUTH AFRICA,2010,,130781.0,,21809.0
SOUTH AFRICA,2011,,115173.0,,17667.0
SOUTH AFRICA,2012,,121154.0,,16491.0
SOUTH AFRICA,2013,,111312.0,,45766.0
SOUTH AFRICA,2014,,113115.0,,17730.0
SOUTH AFRICA,2015,,102486.0,,16243.0
SOUTH AFRICA,2016,,103400.0,,14032.0
SOUTH AFRICA,2017,,70100.0,,11400.0
SOUTH AFRICA,2018,,69300.0,,14956.0
SOUTH AFRICA,2019,,94100.0,,26397.0
SOUTH AFRICA,2020,,56808.0,,15574.0
SOUTH AFRICA,2021,,51200.0,,17690.0
SOUTH AFRICA,2022,,118600.0,,29520.0
SPAIN,2000,37521.0,110750.0,32133.0,83382.0
SPAIN,2001,39775.0,116554.0,32892.0,85261.0
SPAIN,2002,40093.0,118179.0,33258.0,86718.0
SPAIN,2003,43254.0,124689.0,35283.0,91295.0
SPAIN,2004,47437.0,135188.0,39211.0,100044.0
SPAIN,2005,50152.0,143874.0,41600.0,106875.0
SPAIN,2006,56727.0,154836.0,47444.0,115088.0
SPAIN,2007,58117.0,156653.0,48641.0,116597.0
SPAIN,2008,56429.0,152043.0,47241.0,113188.0
SPAIN,2009,54470.0,148003.0,45138.0,109757.0
SPAIN,2010,55618.0,151514.0,46233.0,113236.0
SPAIN,2011,55431.0,150489.0,45825.0,111524.0
SPAIN,2012,52309.0,139282.0,43026.0,102101.0
SPAIN,2013,51874.0,136764.0,42569.0,100634.0
SPAIN,2014,55186.0,144327.0,44683.0,104730.0
SPAIN,2015,59022.0,152808.0,47524.0,110255.0
SPAIN,2016,62200.0,160401.0,49543.0,114239.0
SPAIN,2017,64159.0,165292.0,50453.0,115822.0
SPAIN,2018,65033.0,165918.0,51166.0,116500.0
SPAIN,2019,67280.0,170721.0,52734.0,119609.0
SPAIN,2020,32225.0,83779.0,23695.0,51151.0
SPAIN,2021,55069.0,145188.0,40273.0,90700.0
SPAIN,2022,70543.0,180184.0,53314.0,120038.0
SRI LANKA,2000,,,,952.0
SRI LANKA,2001,,,,1063.0
SRI LANKA,2002,,,,1243.0
SRI LANKA,2003,,,,1327.0
SRI LANKA,2004,,,,1381.0
SRI LANKA,2005,,,,1292.0
SRI LANKA,2006,,,,1302.0
SRI LANKA,2007,,,,1534.0
SRI LANKA,2008,,,,1401.0
SRI LANKA,2009,,,,1635.0
SRI LANKA,2010,,,,1889.0
SRI LANKA,2011,,,,2182.0
SRI LANKA,2012,,,,2139.0
SRI LANKA,2013,,,,2079.0
SRI LANKA,2014,,,,2585.0
SRI LANKA,2015,,,,2225.0
SRI LANKA,2016,,,,2539.0
SRI LANKA,2017,,,,2725.0
SRI LANKA,2018,,,,2950.0
SRI LANKA,2019,,,,2280.0
SRI LANKA,2020,,,,1669.0
STATE OF PALESTINE,2000,,,26.0,53.0
STATE OF PALESTINE,2001,,,17.0,53.0
STATE OF PALESTINE,2002,,,18.0,66.0
STATE OF PALESTINE,2003,,,26.0,86.0
STATE OF PALESTINE,2004,,,44.0,104.0
STATE OF PALESTINE,2005,,,44.0,99.0
STATE OF PALESTINE,2006,,,29.0,52.0
STATE OF PALESTINE,2007,,,52.0,77.0
STATE OF PALESTINE,2008,,,59.0,114.0
STATE OF PALESTINE,2009,,,57.0,116.0
STATE OF PALESTINE,2010,,,55.0,120.0
STATE OF PALESTINE,2011,,,62.0,142.0
STATE OF PALESTINE,2012,,,85.0,174.0
STATE OF PALESTINE,2013,,,55.0,142.0
STATE OF PALESTINE,2014,,,54.0,148.0
STATE OF PALESTINE,2015,,,52.0,166.0
STATE OF PALESTINE,2016,,,48.0,167.0
STATE OF PALESTINE,2017,,,43.0,146.0
STATE OF PALESTINE,2018,,,48.0,146.0
STATE OF PALESTINE,2019,,,59.0,146.0
STATE OF PALESTINE,2020,,,17.0,48.0
STATE OF PALESTINE,2021,,,58.0,136.0
STATE OF PALESTINE,2022,,,97.0,228.0
SWEDEN,2000,14185.0,31155.0,10575.0,16586.0
SWEDEN,2001,14545.0,32061.0,10612.0,16737.0
SWEDEN,2002,14947.0,33128.0,10375.0,16143.0
SWEDEN,2003,15394.0,34339.0,10359.0,16235.0
SWEDEN,2004,16130.0,35089.0,10509.0,16465.0
SWEDEN,2005,17682.0,36913.0,11096.0,17518.0
SWEDEN,2006,16918.0,38905.0,11866.0,18606.0
SWEDEN,2007,17957.0,39740.0,12459.0,19574.0
SWEDEN,2008,18239.0,38133.471,12573.0,20042.0
SWEDEN,2009,18472.0,38681.349,12367.0,19871.0
SWEDEN,2010,19054.0,39603.202,13057.0,20975.0
SWEDEN,2011,19351.0,39743.391,13414.0,21458.0
SWEDEN,2012,19452.0,39915.883,13638.0,21916.0
SWEDEN,2013,20112.0,40845.529,14069.0,22558.0
SWEDEN,2014,20935.0,42653.629,14646.0,23652.0
SWEDEN,2015,22356.0,44854.409,15514.0,25117.0
SWEDEN,2016,23127.0,46203.0,16390.0,26473.0
SWEDEN,2017,23627.0,47017.0,16902.0,27219.0
SWEDEN,2018,24066.0,47852.0,17420.0,27903.0
SWEDEN,2019,25038.0,49849.0,18379.0,29644.0
SWEDEN,2020,17382.0,38122.0,11436.0,19296.0
SWEDEN,2021,21721.0,46946.0,14800.0,25065.0
SWEDEN,2022,26167.0,52420.0,19153.0,31274.0
SWITZERLAND,2000,,35933.0,5986.0,14013.0
SWITZERLAND,2001,,36219.0,6151.0,14313.0
SWITZERLAND,2002,,36254.0,6190.0,14196.0
SWITZERLAND,2003,,36392.0,6195.0,14236.0
SWITZERLAND,2005,,,6574.0,14622.0
SWITZERLAND,2006,,,6948.0,15204.0
SWITZERLAND,2007,,,7185.0,15447.0
SWITZERLAND,2008,,,7389.0,15825.0
SWITZERLAND,2009,,,7271.0,15424.0
SWITZERLAND,2010,,,7574.0,15765.0
SWITZERLAND,2011,,,7695.0,15752.0
SWITZERLAND,2012,,,7732.0,15690.0
SWITZERLAND,2013,,,7864.0,15889.0
SWITZERLAND,2014,,,8004.0,16026.0
SWITZERLAND,2015,,,8125.0,16052.0
SWITZERLAND,2016,11120.0,26381.0,8273.0,16245.0
SWITZERLAND,2017,11671.0,27768.0,8673.0,16920.0
SWITZERLAND,2018,12230.0,28573.0,8991.0,17413.0
SWITZERLAND,2019,12558.0,29354.0,9279.0,17922.0
SWITZERLAND,2020,10809.0,28260.0,7695.0,16389.0
SWITZERLAND,2021,13570.0,34291.0,10057.0,20961.0
SWITZERLAND,2022,14145.6,33403.7,10581.9,21062.3
SYRIAN ARAB REPUBLIC,2000,,,685.0,1081.0
SYRIAN ARAB REPUBLIC,2001,,,696.0,1068.0
SYRIAN ARAB REPUBLIC,2002,,,688.0,1053.0
SYRIAN ARAB REPUBLIC,2003,,,679.0,1052.0
SYRIAN ARAB REPUBLIC,2004,,,661.0,981.0
SYRIAN ARAB REPUBLIC,2005,,,649.0,964.0
SYRIAN ARAB REPUBLIC,2006,,,650.0,1013.0
SYRIAN ARAB REPUBLIC,2007,,,679.0,1116.0
SYRIAN ARAB REPUBLIC,2008,,,595.0,977.0
SYRIAN ARAB REPUBLIC,2009,,,564.0,933.0
SYRIAN ARAB REPUBLIC,2010,,,587.0,947.0
SYRIAN ARAB REPUBLIC,2011,,,411.0,630.0
SYRIAN ARAB REPUBLIC,2012,,,487.0,1088.0
SYRIAN ARAB REPUBLIC,2013,,,754.0,1992.0
SYRIAN ARAB REPUBLIC,2014,,,1084.0,2652.0
SYRIAN ARAB REPUBLIC,2015,,,993.0,2473.0
SYRIAN ARAB REPUBLIC,2016,,,903.0,2480.0
SYRIAN ARAB REPUBLIC,2017,,,1121.0,2757.0
SYRIAN ARAB REPUBLIC,2018,,,1096.0,2360.0
SYRIAN ARAB REPUBLIC,2019,,,993.0,2140.0
SYRIAN ARAB REPUBLIC,2020,,,739.0,1429.0
SYRIAN ARAB REPUBLIC,2021,,,875.0,1809.0
"TANZANIA, UNITED REPUBLIC OF",2000,,2160.0,,
"TANZANIA, UNITED REPUBLIC OF",2001,,2917.0,,
"TANZANIA, UNITED REPUBLIC OF",2002,,3971.0,,
"TANZANIA, UNITED REPUBLIC OF",2003,,4100.0,,
"TANZANIA, UNITED REPUBLIC OF",2004,,4100.0,,
"TANZANIA, UNITED REPUBLIC OF",2005,,4500.0,,
THAILAND,2000,,,,97341.0
THAILAND,2001,,,,103593.0
THAILAND,2006,,,30512.0,
THAILAND,2007,,,32601.0,
THAILAND,2008,,,33121.0,
THAILAND,2009,,,33388.0,
THAILAND,2010,,,41555.0,
THAILAND,2011,,,52109.0,
THAILAND,2012,,,61401.0,
THAILAND,2013,,,71692.0,
THAILAND,2014,,,76021.0,
THAILAND,2015,,,85508.0,
THAILAND,2016,,,93668.0,
THAILAND,2017,,,102918.0,
THAILAND,2018,,,107484.0,
THAILAND,2019,,,107864.0,
THAILAND,2020,,,63034.0,
TIMOR-LESTE,2009,,,1.1,2.5
TIMOR-LESTE,2010,,,1.9,3.4
TIMOR-LESTE,2011,,,0.18,0.2
TIMOR-LESTE,2013,,,3.3,6.7
TIMOR-LESTE,2014,,,1.5,4.6
TIMOR-LESTE,2015,,,2.0,7.8
TIMOR-LESTE,2016,,,1.7,5.0
TIMOR-LESTE,2017,,,1.2,4.1
TIMOR-LESTE,2018,,,1.2,4.1
TIMOR-LESTE,2021,,,14.3,56.6
TOGO,2000,,,,26.0
TOGO,2001,,,,36.0
TOGO,2002,,,,20.0
TOGO,2003,,,10.0,18.0
TOGO,2004,,,14.0,29.0
TOGO,2005,,,12.0,25.0
TOGO,2006,,,8.0,15.0
TOGO,2007,,,16.0,28.0
TOGO,2008,,,14.0,30.0
TOGO,2009,,,33.0,96.0
TOGO,2010,,,50.0,91.0
TOGO,2011,,,80.0,184.0
TOGO,2012,,,24.0,46.0
TOGO,2013,,,18.0,32.0
TOGO,2014,,,50.0,150.0
TOGO,2015,,,54.0,133.0
TOGO,2016,,,88.0,231.0
TOGO,2017,,,53.0,114.0
TOGO,2018,,,139.0,184.0
TOGO,2019,,,70.0,104.0
TUNISIA,2000,,,,2255.0
TUNISIA,2001,,,,2328.0
TUNISIA,2002,,,1191.0,2621.0
TUNISIA,2003,,,1225.0,2809.0
TUNISIA,2004,,,1242.0,2822.0
TUNISIA,2005,,,1224.0,2723.0
TUNISIA,2006,,,1251.0,2754.0
TUNISIA,2007,,,1257.0,2815.0
TUNISIA,2008,,,1314.0,3064.0
TUNISIA,2009,,,1367.0,3067.0
TUNISIA,2010,,,1518.0,3429.0
TUNISIA,2011,,,1525.0,3429.0
TUNISIA,2012,,,1903.0,4115.0
TUNISIA,2013,,,1949.0,4240.0
TUNISIA,2014,,,1996.0,4319.0
TUNISIA,2015,,,2241.0,5007.0
TUNISIA,2016,,,2305.0,5101.0
TUNISIA,2017,,,2702.0,6315.0
TUNISIA,2018,,,2567.0,5862.0
TUNISIA,2019,,,2517.0,5714.0
TUNISIA,2020,,,1343.0,3082.0
TUNISIA,2021,,,2179.0,4607.0
TUNISIA,2022,,,2882.0,6645.0
TRKIYE,2000,8856.0,16476.0,8825.0,16351.0
TRKIYE,2001,7750.0,14178.0,7741.0,14147.0
TRKIYE,2002,7917.0,15202.0,7908.0,15152.0
TRKIYE,2003,8430.0,16234.0,8423.0,16199.0
TRKIYE,2004,9725.0,18357.0,9720.0,18341.0
TRKIYE,2005,10458.0,18819.0,10454.0,18807.0
TRKIYE,2006,11570.0,21503.0,11566.0,21476.0
TRKIYE,2007,12039.0,22248.0,12033.0,22223.0
TRKIYE,2008,11286.0,20832.0,11274.0,20809.0
TRKIYE,2009,12138.0,22930.0,11855.0,22340.0
TRKIYE,2010,12339.0,23832.0,11879.0,22872.0
TRKIYE,2011,14350.0,27617.0,13700.0,26280.0
TRKIYE,2012,15702.0,30332.0,14906.0,28663.0
TRKIYE,2013,17101.0,33091.0,16194.0,31270.0
TRKIYE,2014,17292.0,32449.0,16264.0,30406.0
TRKIYE,2015,20222.0,37481.0,19056.0,35225.0
TRKIYE,2016,41336.0,76852.0,39653.0,73555.0
TRKIYE,2017,39024.0,75747.0,36736.0,70602.0
TRKIYE,2018,40822.0,78442.0,38345.0,73069.0
TRKIYE,2019,42013.0,78479.0,39445.0,72873.0
TRKIYE,2020,29101.0,55228.0,27636.0,52034.0
TRKIYE,2021,42216.0,82910.0,39948.0,77830.0
TRKIYE,2022,48251.0,93969.0,45963.0,88994.0
UKRAINE,2000,,38349.0,,7986.0
UKRAINE,2001,,40129.0,,8299.0
UKRAINE,2002,,38951.0,,8398.0
UKRAINE,2003,,38100.0,,8411.0
UKRAINE,2004,,38098.0,,8486.0
UKRAINE,2005,,37336.0,,8554.0
UKRAINE,2007,6680.0,53569.0,3607.0,11903.0
UKRAINE,2008,6754.0,52409.0,3584.0,11640.0
UKRAINE,2009,5596.0,47063.0,2827.0,9407.0
UKRAINE,2010,5640.0,42900.0,3057.0,9625.0
UKRAINE,2011,5999.0,40228.0,3598.0,9259.0
UKRAINE,2012,6333.0,41312.0,3819.0,9713.0
UKRAINE,2013,6638.0,41780.0,4192.0,10223.0
UKRAINE,2014,4872.0,28150.0,3287.0,8088.0
UKRAINE,2015,5114.0,24204.0,3669.0,7869.0
UKRAINE,2016,5681.0,24433.0,4217.0,8557.0
UKRAINE,2017,5729.0,24524.0,4257.0,8604.0
UKRAINE,2018,6088.0,15751.0,4536.0,8344.0
UKRAINE,2019,6002.0,16443.0,4598.0,8590.0
UKRAINE,2020,3125.0,8632.0,2435.0,4580.0
UNITED ARAB EMIRATES,2014,,,3336.0,10860.0
UNITED ARAB EMIRATES,2015,,,6572.0,17807.0
UNITED ARAB EMIRATES,2016,,,7157.0,18864.0
UNITED ARAB EMIRATES,2017,,,5466.0,19615.0
UNITED ARAB EMIRATES,2018,,,7882.0,18508.0
UNITED ARAB EMIRATES,2019,,,8453.0,19562.0
UNITED ARAB EMIRATES,2020,,,8761.0,32896.0
UNITED ARAB EMIRATES,2021,,,10196.0,40818.0
UNITED KINGDOM,2000,,576370.0,57120.0,139000.0
UNITED KINGDOM,2001,,529600.0,54960.0,134420.0
UNITED KINGDOM,2002,,531940.0,57680.0,130560.0
UNITED KINGDOM,2003,,490540.0,52020.0,118480.0
UNITED KINGDOM,2004,,408950.0,48100.0,106510.0
UNITED KINGDOM,2005,,442300.0,52611.0,117926.0
UNITED KINGDOM,2006,,400100.0,46783.0,102010.0
UNITED KINGDOM,2007,,394413.0,47010.0,105231.0
UNITED KINGDOM,2008,,378388.0,46256.0,103020.0
UNITED KINGDOM,2009,126010.0,398749.0,48279.0,106116.0
UNITED KINGDOM,2010,119434.0,373321.0,46260.0,103160.0
UNITED KINGDOM,2011,126640.0,387329.0,41920.0,86100.0
UNITED KINGDOM,2012,126020.0,388240.0,43120.0,89300.0
UNITED KINGDOM,2013,122905.0,376607.0,43160.0,89200.0
UNITED KINGDOM,2014,114242.0,349546.0,40470.0,86400.0
UNITED KINGDOM,2015,124426.0,377101.0,41820.0,87330.0
UNITED KINGDOM,2016,119455.0,359557.0,42490.0,87580.0
UNITED KINGDOM,2017,120678.0,369454.0,42510.0,87740.0
UNITED KINGDOM,2018,118556.0,371747.0,42040.0,91130.0
UNITED KINGDOM,2019,122780.0,371810.0,43490.0,89110.0
UNITED KINGDOM,2022,126000.0,383264.0,,
UNITED STATES VIRGIN ISLANDS,2000,,,46.0,
UNITED STATES VIRGIN ISLANDS,2001,,,52.0,
UNITED STATES VIRGIN ISLANDS,2002,,,65.0,
UNITED STATES VIRGIN ISLANDS,2003,,,68.0,
UNITED STATES VIRGIN ISLANDS,2004,,,69.0,
UNITED STATES VIRGIN ISLANDS,2005,,,80.0,
UNITED STATES VIRGIN ISLANDS,2006,,,103.0,
UNITED STATES VIRGIN ISLANDS,2007,,,82.0,
UNITED STATES VIRGIN ISLANDS,2008,,,77.0,
UNITED STATES VIRGIN ISLANDS,2009,,,79.0,
UNITED STATES VIRGIN ISLANDS,2010,,,67.0,
UNITED STATES VIRGIN ISLANDS,2011,,,54.0,
UNITED STATES VIRGIN ISLANDS,2012,,,50.0,
UNITED STATES VIRGIN ISLANDS,2013,,,53.0,
UNITED STATES VIRGIN ISLANDS,2014,,,53.0,
UNITED STATES VIRGIN ISLANDS,2015,,,48.0,
UNITED STATES VIRGIN ISLANDS,2016,,,57.0,
UNITED STATES VIRGIN ISLANDS,2017,,,63.0,
UNITED STATES VIRGIN ISLANDS,2018,,,38.0,
UNITED STATES VIRGIN ISLANDS,2019,,,40.0,
UNITED STATES VIRGIN ISLANDS,2020,,,37.0,
UNITED STATES VIRGIN ISLANDS,2021,,,45.0,
UZBEKISTAN,2000,,1275.0,,501.0
UZBEKISTAN,2001,,1557.0,,612.0
UZBEKISTAN,2002,,1497.0,,588.0
UZBEKISTAN,2003,,1255.0,,484.0
UZBEKISTAN,2004,,1438.0,,667.0
UZBEKISTAN,2005,,1312.0,,321.0
UZBEKISTAN,2006,,1350.0,,872.0
UZBEKISTAN,2007,,1770.0,,1046.0
UZBEKISTAN,2008,,2636.0,,1044.0
UZBEKISTAN,2009,,1942.0,,1065.0
UZBEKISTAN,2010,,3608.0,,1616.0
UZBEKISTAN,2013,745.0,3379.0,,
UZBEKISTAN,2014,808.0,2425.0,,
UZBEKISTAN,2015,901.0,2278.0,,
UZBEKISTAN,2016,1014.0,2608.0,,
UZBEKISTAN,2017,1098.0,2790.0,,
UZBEKISTAN,2018,1193.0,2681.0,,
UZBEKISTAN,2019,1948.0,9460.0,1099.0,2482.0
VIET NAM,2000,,,,17920.0
VIET NAM,2001,,,,18640.0
ZAMBIA,2000,,,,176.0
ZAMBIA,2001,,,,185.0
ZAMBIA,2002,,,,217.0
ZAMBIA,2003,,,,241.0
ZAMBIA,2004,,,,267.0
ZAMBIA,2005,,,,289.0
ZAMBIA,2006,,,,310.0
ZIMBABWE,2004,,1491.0,343.0,1373.0
ZIMBABWE,2005,,1505.0,419.0,1256.0
ZIMBABWE,2006,,1596.0,412.0,1236.0
ZIMBABWE,2007,540.0,2143.0,391.0,1173.0
ZIMBABWE,2008,529.0,2204.0,399.0,1197.0
ZIMBABWE,2009,805.0,2289.0,443.0,1330.0
ZIMBABWE,2010,752.0,2170.0,560.0,1399.0
ZIMBABWE,2011,778.0,2279.0,556.0,1390.0
ZIMBABWE,2012,726.0,2052.0,569.0,1423.0
ZIMBABWE,2013,704.0,1883.0,474.0,1423.0
ZIMBABWE,2014,691.0,1844.0,461.0,1385.0
ZIMBABWE,2015,573.0,1490.0,343.0,1031.0
ZIMBABWE,2016,619.0,1627.0,390.0,1168.0
ZIMBABWE,2017,673.0,1792.0,447.0,1341.0
ZIMBABWE,2018,740.0,2220.0,510.0,1530.0
ZIMBABWE,2019,661.0,1983.0,431.0,1294.0
ZIMBABWE,2020,289.0,868.0,216.0,648.0
ZIMBABWE,2021,379.0,1137.0,275.0,825.0
ZIMBABWE,2022,647.0,1754.0,461.0,1382.0
