Country,Years,Overnights visitors (tourists) (Thousands),Same-day visitors (excursionists) (Thousands),Total trips (Thousands)
ARGENTINA,2006,20706.0,18144.0,38850.0
ARGENTINA,2012,52972.0,63839.0,116812.0
ARGENTINA,2013,53681.0,63277.0,116957.0
ARGENTINA,2014,50270.0,51600.0,101870.0
ARGENTINA,2015,45481.0,47046.0,92526.0
ARGENTINA,2016,43399.0,58458.0,101857.0
ARGENTINA,2017,51438.0,45157.0,96595.0
ARGENTINA,2018,45498.0,44423.0,89921.0
ARGENTINA,2019,45349.0,44160.0,89509.0
ARGENTINA,2020,19466.0,17232.0,36698.0
ARGENTINA,2021,30265.0,38939.0,69205.0
ARGENTINA,2022,50330.9,62801.6,113132.4
ARMENIA,2008,447.0,,
ARMENIA,2009,436.0,,
ARMENIA,2010,565.0,,
ARMENIA,2011,489.0,,
ARMENIA,2012,515.0,,
ARMENIA,2013,670.0,,
ARMENIA,2014,860.0,,
ARMENIA,2015,871.0,,
ARMENIA,2016,980.0,,
ARMENIA,2017,1087.0,,
ARMENIA,2018,1092.0,,
ARMENIA,2019,1545.0,,
ARMENIA,2020,1045.0,,
ARMENIA,2021,1596.0,,
ARMENIA,2022,1930.0,,
AUSTRALIA,2000,73771.0,161464.0,235235.0
AUSTRALIA,2001,74585.0,146008.0,220593.0
AUSTRALIA,2002,75339.0,142133.0,217472.0
AUSTRALIA,2003,73621.0,139060.0,212681.0
AUSTRALIA,2004,74301.0,129568.0,203869.0
AUSTRALIA,2005,69924.0,130120.0,200044.0
AUSTRALIA,2006,73564.0,134464.0,208028.0
AUSTRALIA,2007,74464.0,149516.0,223980.0
AUSTRALIA,2008,72009.0,138745.0,210754.0
AUSTRALIA,2009,67670.0,148176.0,215846.0
AUSTRALIA,2010,69297.0,155942.0,225239.0
AUSTRALIA,2011,71895.0,161232.0,233127.0
AUSTRALIA,2012,74472.0,173905.0,248377.0
AUSTRALIA,2013,75796.0,164322.0,240118.0
AUSTRALIA,2014,84481.0,175881.0,260362.0
AUSTRALIA,2015,87523.0,181958.0,269481.0
AUSTRALIA,2016,90742.0,189583.0,280325.0
AUSTRALIA,2017,98484.0,193313.0,291797.0
AUSTRALIA,2018,104822.0,205344.0,310166.0
AUSTRALIA,2019,117448.0,248349.0,365797.0
AUSTRALIA,2020,72514.0,164192.0,236706.0
AUSTRALIA,2021,82074.0,160469.0,242543.0
AUSTRALIA,2022,108212.0,201414.0,309626.0
AUSTRIA,2008,10400.0,,
AUSTRIA,2009,11172.0,,
AUSTRIA,2010,10228.0,,
AUSTRIA,2011,10185.0,,
AUSTRIA,2012,10962.0,,
AUSTRIA,2013,11730.0,,
AUSTRIA,2014,11476.0,,
AUSTRIA,2015,11088.0,,
AUSTRIA,2016,12027.0,,
AUSTRIA,2017,11594.0,,
AUSTRIA,2018,12410.0,,
AUSTRIA,2019,12936.0,,
AUSTRIA,2020,10387.0,,
AUSTRIA,2021,10758.0,,
AUSTRIA,2022,13420.0,,
AZERBAIJAN,2018,20979.0,1556.0,22535.0
AZERBAIJAN,2019,20278.0,2969.0,23247.0
AZERBAIJAN,2020,4841.0,585.0,5426.0
AZERBAIJAN,2021,11620.0,2083.0,13703.0
AZERBAIJAN,2022,13931.0,3847.0,17778.0
BAHRAIN,2016,76.0,3247.0,3323.0
BAHRAIN,2017,67.0,3026.0,3093.0
BAHRAIN,2018,117.0,3692.0,3809.0
BAHRAIN,2019,138.0,4103.0,4241.0
BAHRAIN,2020,134.0,1334.0,1468.0
BAHRAIN,2021,187.0,947.0,1134.0
BELARUS,2000,1717.0,,
BELARUS,2001,1742.0,,
BELARUS,2002,1505.0,,
BELARUS,2003,1646.0,,
BELARUS,2004,1686.0,,
BELARUS,2005,1702.0,,
BELARUS,2006,1722.0,,
BELARUS,2007,1751.0,,
BELARUS,2008,1734.0,,
BELARUS,2009,1636.0,,
BELARUS,2010,1666.0,,
BELARUS,2011,1768.0,,
BELARUS,2012,1898.0,602.0,2500.0
BELARUS,2013,1907.0,579.0,2486.0
BELARUS,2014,2332.0,647.0,2979.0
BELARUS,2015,2226.0,745.0,2971.0
BELARUS,2016,2292.0,918.0,3210.0
BELARUS,2017,2442.0,895.0,3337.0
BELARUS,2018,2629.0,943.0,3572.0
BELARUS,2019,2717.0,1035.0,3732.0
BELARUS,2020,2215.0,495.0,2710.0
BELARUS,2021,2894.0,1050.0,3944.0
BELARUS,2022,2888.0,1402.0,4290.0
BELGIUM,2009,5431.0,,
BELGIUM,2010,5802.0,,
BELGIUM,2011,6124.0,,
BELGIUM,2012,6313.0,,
BELGIUM,2013,6468.0,,
BELGIUM,2014,6754.0,,
BELGIUM,2015,7492.0,,
BELGIUM,2016,7729.0,,
BELGIUM,2017,7934.0,,
BELGIUM,2018,8441.0,,
BELGIUM,2019,8714.0,,
BELGIUM,2020,4792.0,,
BELGIUM,2021,7729.0,,
BELGIUM,2022,9406.0,,
BHUTAN,2019,765.0,286.0,1051.0
BOTSWANA,2010,1166.0,615.0,1781.0
BOTSWANA,2016,3120.0,1650.0,4770.0
BRAZIL,2011,190884.0,,
BULGARIA,2012,3107.0,,
BULGARIA,2013,3413.0,,
BULGARIA,2014,3171.0,1432.0,4603.0
BULGARIA,2015,2540.0,1140.0,3680.0
BULGARIA,2016,2992.0,1299.0,4291.0
BULGARIA,2017,4710.0,2459.0,7169.0
BULGARIA,2018,4151.0,2378.0,6529.0
BULGARIA,2019,4702.0,2131.0,6833.0
BULGARIA,2020,2995.0,1490.0,4485.0
BULGARIA,2021,3871.0,1840.0,5711.0
BULGARIA,2022,4132.0,2266.0,6397.0
CAMBODIA,2006,,,7761.0
CAMBODIA,2007,,,5828.0
CAMBODIA,2008,,,6729.0
CAMBODIA,2009,,,7022.0
CAMBODIA,2010,,,7563.0
CAMBODIA,2011,,,7811.0
CAMBODIA,2012,,,8254.0
CAMBODIA,2013,,,8519.0
CAMBODIA,2014,,,9004.0
CAMBODIA,2015,,,9679.0
CAMBODIA,2016,,,10642.0
CAMBODIA,2017,,,10864.0
CAMBODIA,2018,,,11060.0
CAMBODIA,2019,,,11320.0
CAMBODIA,2020,,,7227.9
CAMBODIA,2021,,,4663.1
CAMBODIA,2022,,,13934.0
CAMEROON,2018,6432.0,3118.0,9550.0
CANADA,2006,87327.0,120838.0,208165.0
CANADA,2007,88541.0,126017.0,214559.0
CANADA,2008,87647.0,126851.0,214498.0
CANADA,2009,91386.0,135735.0,227121.0
CANADA,2010,92143.0,137016.0,229158.0
CANADA,2011,105743.0,211278.0,317021.0
CANADA,2012,108393.0,207861.0,316254.0
CANADA,2013,108924.5,211341.8,320266.3
CANADA,2014,108646.5,209562.2,318208.7
CANADA,2015,109804.8,205940.9,315745.7
CANADA,2016,113052.6,206262.4,319315.0
CANADA,2017,115036.7,210771.6,325808.2
CANADA,2018,95445.0,182615.0,278060.0
CANADA,2019,93665.0,181753.0,275418.0
CANADA,2020,68247.0,129785.0,198032.0
CANADA,2021,69461.0,133532.0,202993.2
CANADA,2022,90833.0,167997.5,258830.5
CHAD,2020,3.0,1.2,4.2
CHAD,2021,10.7,,
CHILE,2011,20740.0,19438.0,40178.0
CHILE,2012,20506.0,20917.0,41423.0
CHILE,2013,21531.0,21335.0,42867.0
CHILE,2014,22823.0,21762.0,44585.0
CHILE,2015,21813.0,22457.0,44270.0
CHILE,2016,22570.0,23236.0,45806.0
CHILE,2017,46016.37586362426,17756.41041318396,63772.78627680821
CHILE,2018,52973.666004832776,20370.042220887506,73343.70822572029
CHILE,2019,53748.581127915626,20710.737319918604,74459.31844783423
CHILE,2020,39322.78386933118,15102.452352019545,54425.23622135072
CHILE,2021,49201.29601546767,19315.01874146877,68516.31475693644
CHILE,2022,61092.787,24786.614174957977,85879.40117495798
CHINA,2000,,,744000.0
CHINA,2001,,,784000.0
CHINA,2002,,,878000.0
CHINA,2003,,,870000.0
CHINA,2004,,,1102000.0
CHINA,2005,,,1212000.0
CHINA,2006,,,1394000.0
CHINA,2007,,,1610000.0
CHINA,2008,,,1712000.0
CHINA,2009,,,1902000.0
CHINA,2010,,,2103000.0
CHINA,2011,,,2641000.0
CHINA,2012,,,2957000.0
CHINA,2013,,,3262000.0
CHINA,2014,,,3611000.0
CHINA,2015,,,3990000.0
CHINA,2016,,,4435000.0
CHINA,2017,,,5010000.0
CHINA,2018,,,5539000.0
CHINA,2019,,,6005852.0
CHINA,2020,,,2879000.0
CHINA,2021,,,3246000.0
CHINA,2022,,,2530000.0
COLOMBIA,2009,,,99680.0
COLOMBIA,2010,,,118013.0
COLOMBIA,2011,,,114406.0
COLOMBIA,2012,,,120996.0
COLOMBIA,2013,,,127544.0
COLOMBIA,2014,,,129027.0
COLOMBIA,2015,,,132402.0
COLOMBIA,2016,,,125122.0
COLOMBIA,2017,,,151376.0
COLOMBIA,2018,,,162619.0
COLOMBIA,2019,,,162535.0
COLOMBIA,2020,,,54772.0
COLOMBIA,2021,,,89751.0
COLOMBIA,2022,,,133260.0
"CONGO, DEMOCRATIC REPUBLIC OF THE",2014,574.0,,
"CONGO, DEMOCRATIC REPUBLIC OF THE",2015,530.0,,
COTE D´IVOIRE,2018,,,1974.0
COTE D´IVOIRE,2019,,,2012.0
COTE D´IVOIRE,2020,,,1006.0
COTE D´IVOIRE,2021,,,1241.0
COTE D´IVOIRE,2022,,,1305.0
CROATIA,2008,6023.0,7614.0,13637.0
CROATIA,2009,5738.0,7367.0,13105.0
CROATIA,2010,5438.0,,
CROATIA,2011,6010.0,8842.0,14852.0
CROATIA,2012,6056.0,9032.0,15088.0
CROATIA,2013,6225.0,9618.0,15843.0
CROATIA,2014,5410.0,11104.0,16514.0
CROATIA,2015,4040.0,8155.0,12195.0
CROATIA,2016,2926.0,5877.0,8803.0
CROATIA,2017,2976.0,3638.0,6614.0
CROATIA,2018,3197.0,4969.0,8166.0
CROATIA,2019,3708.0,6737.0,10445.0
CROATIA,2020,3510.0,3673.0,6183.0
CROATIA,2021,3278.0,3696.0,6974.0
CROATIA,2022,3148.0,3974.0,7122.0
CYPRUS,2003,978.0,6158.0,7136.0
CYPRUS,2004,1085.0,6447.0,7532.0
CYPRUS,2005,1140.0,6706.0,7846.0
CYPRUS,2006,1291.0,6877.0,8168.0
CYPRUS,2007,1352.0,7007.0,8359.0
CYPRUS,2012,1370.0,,
CYPRUS,2013,1304.0,,
CYPRUS,2014,1297.0,,
CYPRUS,2015,1303.0,,
CYPRUS,2016,1375.0,,
CYPRUS,2017,1393.0,,
CYPRUS,2018,1566.0,,
CZECH REPUBLIC (CZECHIA),2003,29041.0,,
CZECH REPUBLIC (CZECHIA),2004,25834.0,,
CZECH REPUBLIC (CZECHIA),2005,25113.0,,
CZECH REPUBLIC (CZECHIA),2006,24154.0,,
CZECH REPUBLIC (CZECHIA),2007,28481.0,,
CZECH REPUBLIC (CZECHIA),2008,28010.0,,
CZECH REPUBLIC (CZECHIA),2009,27850.0,,
CZECH REPUBLIC (CZECHIA),2010,27614.0,,
CZECH REPUBLIC (CZECHIA),2011,29847.0,,
CZECH REPUBLIC (CZECHIA),2012,26881.0,,
CZECH REPUBLIC (CZECHIA),2013,25499.0,,
CZECH REPUBLIC (CZECHIA),2014,27042.0,,
CZECH REPUBLIC (CZECHIA),2015,23964.0,,
CZECH REPUBLIC (CZECHIA),2016,27040.0,,
CZECH REPUBLIC (CZECHIA),2017,29039.0,,
CZECH REPUBLIC (CZECHIA),2018,27179.0,,
CZECH REPUBLIC (CZECHIA),2019,27478.0,,
CZECH REPUBLIC (CZECHIA),2020,20692.0,,
CZECH REPUBLIC (CZECHIA),2021,22722.0,,
CZECH REPUBLIC (CZECHIA),2022,26149.0,,
DENMARK,2012,21407.0,,
DENMARK,2013,23590.0,,
DENMARK,2014,23874.0,,
DENMARK,2015,24371.0,,
DENMARK,2016,21743.0,,
DENMARK,2017,18886.0,,
DENMARK,2018,11922.0,,
DENMARK,2019,19089.0,56318.0,75407.0
DENMARK,2020,17919.0,49813.0,67732.0
DENMARK,2021,20002.0,47885.7,67887.0
DENMARK,2022,20694.1,46372.3,67066.0
ECUADOR,2010,7229.0,4088.0,11317.0
ECUADOR,2011,7389.0,3948.0,11337.0
ECUADOR,2012,7906.0,3692.0,11598.0
ECUADOR,2013,7652.0,4134.0,11786.0
ECUADOR,2014,7982.0,3992.0,11974.0
ECUADOR,2015,8291.0,3871.0,12162.0
ECUADOR,2016,8418.0,3931.0,12349.0
ECUADOR,2017,8545.0,3990.0,12534.0
ECUADOR,2018,8670.0,4048.0,12719.0
ECUADOR,2019,8795.0,4107.0,12901.0
ECUADOR,2020,2895.1299999999997,1240.7699999999998,4135.9
ECUADOR,2021,5971.0,2559.0,8530.0
ECUADOR,2022,9756.0,4181.0,13937.0
EGYPT,2009,8809.0,13410.0,22219.0
EGYPT,2010,9027.0,13742.0,22769.0
EGYPT,2011,8180.0,12450.0,20630.0
EGYPT,2012,8300.0,12635.0,20935.0
EGYPT,2013,9698.0,14770.0,24468.0
EGYPT,2014,9931.0,15147.0,25077.0
EGYPT,2015,10176.0,15521.0,25697.0
ESTONIA,2006,643.0,,
ESTONIA,2007,885.0,,
ESTONIA,2008,803.0,,
ESTONIA,2009,886.0,,
ESTONIA,2010,1926.0,,
ESTONIA,2011,1561.0,,
ESTONIA,2012,1761.0,,
ESTONIA,2013,1734.0,,
ESTONIA,2014,2572.0,,
ESTONIA,2015,2704.0,,
ESTONIA,2016,3254.0,,
ESTONIA,2017,3277.0,,
ESTONIA,2018,4399.0,,
ESTONIA,2019,3486.0,,
ESTONIA,2020,2136.0,,
ESTONIA,2021,2267.0,,
ESTONIA,2022,2640.0,,
ESWATINI,2011,95.0,85.0,180.0
ESWATINI,2012,102.0,83.0,185.0
ESWATINI,2013,108.0,110.0,218.0
ESWATINI,2014,111.0,111.0,222.0
ESWATINI,2015,115.0,119.0,234.0
ESWATINI,2016,139.0,112.0,251.0
ESWATINI,2017,114.0,135.0,249.0
ESWATINI,2018,118.0,119.0,237.0
ESWATINI,2019,128.0,125.0,253.0
ESWATINI,2020,89.0,34.0,123.0
ESWATINI,2021,106.0,35.0,141.0
ESWATINI,2022,129.6,89.0,219.0
FINLAND,2000,21688.0,,
FINLAND,2001,23410.0,,
FINLAND,2002,25961.0,,
FINLAND,2003,27885.0,,
FINLAND,2004,29079.0,,
FINLAND,2005,30931.0,,
FINLAND,2006,28245.0,,
FINLAND,2007,30633.0,,
FINLAND,2008,31091.0,,
FINLAND,2009,31015.0,,
FINLAND,2010,34531.0,,
FINLAND,2011,35561.0,,
FINLAND,2012,30915.0,,
FINLAND,2013,30480.0,,
FINLAND,2014,28850.0,,
FINLAND,2015,29156.0,,
FINLAND,2016,29790.0,,
FINLAND,2017,30160.0,,
FINLAND,2018,29120.0,16160.0,
FINLAND,2019,29320.0,,
FINLAND,2020,23340.0,,
FINLAND,2021,29390.0,31920.0,
FINLAND,2022,27100.0,,
FRANCE,2005,210755.0,,
FRANCE,2006,210518.0,73819.0,284337.0
FRANCE,2007,211883.0,76726.0,288609.0
FRANCE,2008,200675.0,78275.0,278950.0
FRANCE,2009,202064.0,76211.0,278275.0
FRANCE,2010,194126.0,73915.0,268041.0
FRANCE,2011,198784.0,77968.0,276752.0
FRANCE,2012,198466.0,70207.0,268673.0
FRANCE,2013,197242.0,67940.0,265182.0
FRANCE,2014,196232.0,69795.0,266027.0
FRANCE,2015,191644.0,64434.0,256078.0
FRANCE,2016,187942.0,67555.0,255498.0
FRANCE,2017,191636.0,84901.0,276537.0
FRANCE,2018,189755.0,78397.0,268152.0
FRANCE,2019,186266.0,74256.0,260522.0
FRANCE,2020,151643.0,60428.0,212071.0
FRANCE,2021,186747.0,64919.0,251666.0
FRANCE,2022,201310.0,73335.0,274644.0
GEORGIA,2015,5936.0,6425.0,12361.0
GEORGIA,2016,5947.0,7013.0,12960.0
GEORGIA,2017,5424.0,7213.0,12637.0
GEORGIA,2018,5777.0,7361.0,13138.0
GEORGIA,2019,6369.0,7883.0,14252.0
GEORGIA,2020,5764.0,6709.0,12474.0
GEORGIA,2021,7952.0,8992.0,16944.0
GEORGIA,2022,7692.0,8641.0,16333.0
GERMANY,2012,164795.0,,
GERMANY,2013,161123.0,,
GERMANY,2014,153902.0,,
GERMANY,2015,164139.0,,
GERMANY,2016,164682.0,,
GERMANY,2017,151175.0,,
GERMANY,2018,159338.0,,
GERMANY,2019,160985.0,,
GERMANY,2020,109296.0,,
GERMANY,2021,129491.0,,
GERMANY,2022,135069.0,,
GHANA,2015,,,540.0
GHANA,2016,,,558.0
GHANA,2017,,,504.0
GHANA,2018,,,635.0
GHANA,2019,,,669.0
GHANA,2020,,,211.0
GHANA,2021,,,589.0
GREECE,2004,,,11236.0
GREECE,2005,,,13315.0
GREECE,2006,,,15884.0
GREECE,2007,,,14568.0
GREECE,2008,,,12905.0
GREECE,2009,,,13091.0
GREECE,2010,5218.0,,
GREECE,2011,4909.0,,
GREECE,2012,3598.0,,
GREECE,2013,4913.697,,
GREECE,2014,5621.792,,
GREECE,2015,5111.164,13913.442,19024.606
GREECE,2016,4872.81,12281.637,17154.447
GREECE,2017,5492.307,19158.156,24650.463
GREECE,2018,5691.0,20610.0,26301.0
GREECE,2019,5180.0,22699.0,27879.0
GREECE,2020,4448.0,19059.0,23507.0
GREECE,2021,4831.0,17069.0,21900.0
GREECE,2022,5990.074,15691.536,21682.0
HUNGARY,2008,21753.0,,
HUNGARY,2009,17735.0,,
HUNGARY,2010,17974.0,,
HUNGARY,2011,18798.0,,
HUNGARY,2012,17118.0,,
HUNGARY,2013,14377.0,,
HUNGARY,2014,14854.0,,
HUNGARY,2015,15253.0,30278.855,45531.854999999996
HUNGARY,2016,14425.0,31144.313,45569.312999999995
HUNGARY,2017,14374.0,32441.946,46815.945999999996
HUNGARY,2018,14386.0,33924.191,48310.191
HUNGARY,2019,14248.837,33674.102,47922.939
HUNGARY,2020,8919.0,21013.0,29932.0
HUNGARY,2021,10182.718,28627.64,38810.358
HUNGARY,2022,12498.6,33012.8,45511.0
INDIA,2000,220107.0,,
INDIA,2001,236470.0,,
INDIA,2002,269598.0,,
INDIA,2003,309038.0,,
INDIA,2004,366268.0,,
INDIA,2005,392014.0,,
INDIA,2006,462321.0,,
INDIA,2007,526564.0,,
INDIA,2008,563034.0,,
INDIA,2009,668800.0,,
INDIA,2010,747700.0,,
INDIA,2011,864533.0,,
INDIA,2012,1045050.0,,
INDIA,2013,1142529.0,,
INDIA,2014,1282802.0,,
INDIA,2015,1431974.0,,
INDIA,2016,1615389.0,,
INDIA,2017,1657546.0,,
INDIA,2018,1853788.0,,
INDIA,2019,2321983.0,,
INDIA,2020,610216.0,,
INDIA,2021,677632.0,,
INDIA,2022,1731010.0,,
INDONESIA,2002,,,200589.0
INDONESIA,2006,,,204553.0
INDONESIA,2007,,,222389.0
INDONESIA,2008,,,225041.0
INDONESIA,2009,,,229730.0
INDONESIA,2010,,,234377.0
INDONESIA,2011,,,236751.0
INDONESIA,2012,,,245290.0
INDONESIA,2013,,,250036.0
INDONESIA,2014,,,251237.0
INDONESIA,2015,,,256419.0
INDONESIA,2016,,,264338.0
INDONESIA,2017,,,270822.0
INDONESIA,2018,,,303403.0
INDONESIA,2019,354353.0,367806.0,722159.0
INDONESIA,2020,358068.0,160521.0,518589.0
INDONESIA,2021,399524.0,203496.0,603020.0
INDONESIA,2022,497334.0,237531.0,734865.0
"IRAN, ISLAMIC REPUBLIC OF",2010,46860.0,,
"IRAN, ISLAMIC REPUBLIC OF",2011,57121.0,,
IRELAND,2006,7310.0,,
IRELAND,2007,7942.0,,
IRELAND,2008,8339.0,,
IRELAND,2009,8340.0,,
IRELAND,2010,7300.0,,
IRELAND,2011,7169.0,,
IRELAND,2012,8291.0,,
IRELAND,2013,8413.0,,
IRELAND,2014,8991.0,,
IRELAND,2015,9125.0,,
IRELAND,2016,9359.0,,
IRELAND,2017,9626.0,,
IRELAND,2018,10919.0,,
IRELAND,2019,11621.0,,
IRELAND,2020,7721.0,,
IRELAND,2021,5663.0,,
ISRAEL,2010,7655.0,7279.0,14934.0
ITALY,2000,75001.0,,
ITALY,2001,74721.0,,
ITALY,2002,79791.0,,
ITALY,2003,78912.0,,
ITALY,2004,81672.0,,
ITALY,2005,88478.0,,
ITALY,2006,89114.0,,
ITALY,2007,91973.0,,
ITALY,2008,101205.0,,
ITALY,2009,92948.0,,
ITALY,2010,80597.0,,
ITALY,2011,67059.0,,
ITALY,2012,61594.0,,
ITALY,2013,49809.0,,
ITALY,2014,50156.0,76359.0,
ITALY,2015,47093.0,65767.0,
ITALY,2016,54714.0,73143.0,
ITALY,2017,53647.0,68203.0,
ITALY,2018,62861.0,82446.0,
ITALY,2019,54254.0,78604.0,
ITALY,2020,34130.0,40524.0,
ITALY,2021,37183.0,35817.0,
ITALY,2022,43996.0,46264.0,
JAPAN,2008,362898.0,371660.0,734558.0
JAPAN,2009,348247.0,354649.0,702896.0
JAPAN,2010,317533.0,314063.0,631596.0
JAPAN,2011,313561.0,298964.0,612525.0
JAPAN,2012,315549.0,297201.0,612750.0
JAPAN,2013,320416.0,310534.0,630950.0
JAPAN,2014,297343.0,297878.0,595221.0
JAPAN,2015,312985.0,291730.0,604715.0
JAPAN,2016,325658.0,315422.0,641079.0
JAPAN,2017,323328.0,324182.0,647510.0
JAPAN,2018,291052.0,270727.0,561779.0
JAPAN,2019,311624.0,275478.0,587103.0
JAPAN,2020,160703.0,132705.0,293408.0
JAPAN,2021,141768.0,126440.0,268208.0
JAPAN,2022,232467.0,185387.0,417854.0
JORDAN,2008,258.0,950.0,1208.0
KAZAKHSTAN,2006,,,3495.0
KAZAKHSTAN,2007,,,3933.0
KAZAKHSTAN,2008,,,4254.0
KAZAKHSTAN,2009,,,4056.0
KAZAKHSTAN,2010,,,4474.0
KAZAKHSTAN,2011,,,5328.0
KAZAKHSTAN,2012,,,6221.6
KAZAKHSTAN,2013,5610.0,894.0,6504.0
KAZAKHSTAN,2014,5194.0,828.0,6022.0
KAZAKHSTAN,2015,6166.0,1127.0,7293.0
KAZAKHSTAN,2016,7201.0,1264.0,8465.0
KAZAKHSTAN,2017,7465.0,1138.0,8603.0
KAZAKHSTAN,2018,8745.0,1302.0,10047.0
KAZAKHSTAN,2019,7428.0,1189.0,8587.0
KAZAKHSTAN,2020,6408.0,1587.0,7995.0
KAZAKHSTAN,2021,7196.0,1808.0,9003.0
KAZAKHSTAN,2022,7721.0,1147.0,8868.0
"KOREA, REPUBLIC OF",2009,112893.0,106693.0,219586.0
"KOREA, REPUBLIC OF",2010,92174.0,75974.0,168148.0
"KOREA, REPUBLIC OF",2011,71622.0,84972.0,156594.0
"KOREA, REPUBLIC OF",2012,92289.0,121180.0,213468.0
"KOREA, REPUBLIC OF",2013,99667.0,131368.0,231035.0
"KOREA, REPUBLIC OF",2014,98521.0,128579.0,227100.0
"KOREA, REPUBLIC OF",2015,99776.0,138522.0,238297.0
"KOREA, REPUBLIC OF",2016,101068.0,140682.0,241750.0
"KOREA, REPUBLIC OF",2017,112784.0,172182.0,284966.0
"KOREA, REPUBLIC OF",2018,163204.0,147949.0,311153.0
"KOREA, REPUBLIC OF",2019,162376.0,182374.0,344750.0
"KOREA, REPUBLIC OF",2020,88450.0,136749.0,225199.0
"KOREA, REPUBLIC OF",2021,87785.0,157342.0,245127.0
"KOREA, REPUBLIC OF",2022,116589.0,167133.0,283722.0
KYRGYZSTAN,2006,,,4160.0
KYRGYZSTAN,2007,,,4401.0
KYRGYZSTAN,2008,,,5365.0
KYRGYZSTAN,2009,,,5849.0
KYRGYZSTAN,2010,,,4726.0
KYRGYZSTAN,2011,,,4793.0
KYRGYZSTAN,2012,,,5078.0
KYRGYZSTAN,2013,,,5162.0
KYRGYZSTAN,2014,,,5401.0
KYRGYZSTAN,2015,,,5632.0
KYRGYZSTAN,2016,,,5731.0
KYRGYZSTAN,2017,,,5983.0
KYRGYZSTAN,2018,,,5977.0
KYRGYZSTAN,2019,,,6218.0
KYRGYZSTAN,2020,,,751.0
KYRGYZSTAN,2021,,,4860.0
KYRGYZSTAN,2022,,,5959.0
LAO PEOPLE´S DEMOCRATIC REPUBLIC,2013,,,2028.0
LAO PEOPLE´S DEMOCRATIC REPUBLIC,2014,,,2078.0
LAO PEOPLE´S DEMOCRATIC REPUBLIC,2015,,,2313.0
LAO PEOPLE´S DEMOCRATIC REPUBLIC,2016,,,1987.0
LAO PEOPLE´S DEMOCRATIC REPUBLIC,2017,,,2237.0
LAO PEOPLE´S DEMOCRATIC REPUBLIC,2018,,,2819.0
LAO PEOPLE´S DEMOCRATIC REPUBLIC,2019,,,2351.0
LAO PEOPLE´S DEMOCRATIC REPUBLIC,2020,,,1581.0
LAO PEOPLE´S DEMOCRATIC REPUBLIC,2021,,,828.0
LATVIA,2009,3598.0,12310.0,15908.0
LATVIA,2010,3504.0,9899.0,13403.0
LATVIA,2011,3472.0,10117.0,13589.0
LATVIA,2012,3796.0,7921.0,11717.0
LATVIA,2013,3156.0,8995.0,12151.0
LATVIA,2014,3258.0,8155.0,11413.0
LATVIA,2015,2972.0,7718.0,10690.0
LATVIA,2016,3071.0,9126.0,12197.0
LATVIA,2017,2942.0,9590.0,12532.0
LATVIA,2018,2584.0,8365.0,10949.0
LATVIA,2019,2501.0,7915.0,10416.0
LATVIA,2020,1367.0,4786.0,6153.0
LATVIA,2021,2392.0,5890.0,8282.0
LATVIA,2022,2828.0,6468.0,9296.0
LITHUANIA,2004,2192.0,17800.0,19992.0
LITHUANIA,2005,2297.0,23908.0,26205.0
LITHUANIA,2006,2485.0,18159.0,20644.0
LITHUANIA,2007,2806.0,17144.0,19950.0
LITHUANIA,2008,2819.0,17132.0,19951.0
LITHUANIA,2009,2431.0,14395.0,16825.0
LITHUANIA,2010,2454.0,11921.0,14374.0
LITHUANIA,2011,2479.0,11709.0,14188.0
LITHUANIA,2012,2516.0,11339.0,13855.0
LITHUANIA,2013,2589.0,10986.0,13575.0
LITHUANIA,2014,2649.0,11245.0,13894.0
LITHUANIA,2015,2663.0,11484.0,14147.0
LITHUANIA,2016,2554.0,11670.0,14224.0
LITHUANIA,2017,2528.0,11719.0,14247.0
LITHUANIA,2018,2641.0,12037.0,14678.0
LITHUANIA,2019,2826.0,11959.0,14785.0
LITHUANIA,2020,2437.7,8951.4,11389.099999999999
LITHUANIA,2021,3090.0,5634.0,8724.0
LITHUANIA,2022,3595.0,8590.0,12185.0
LUXEMBOURG,2007,63.0,,
LUXEMBOURG,2008,59.0,,
LUXEMBOURG,2009,59.0,,
LUXEMBOURG,2010,49.0,,
LUXEMBOURG,2011,61.0,,
LUXEMBOURG,2012,71.0,,
LUXEMBOURG,2013,100.0,,
LUXEMBOURG,2014,104.0,,
LUXEMBOURG,2015,107.0,,
LUXEMBOURG,2016,108.0,,
LUXEMBOURG,2017,110.0,,
LUXEMBOURG,2018,121.0,,
LUXEMBOURG,2019,124.0,,
LUXEMBOURG,2020,130.0,,
LUXEMBOURG,2021,137.0,,
LUXEMBOURG,2022,155.0,,
MADAGASCAR,2015,7.0,37.0,44.0
MADAGASCAR,2016,6.0,36.0,42.0
MADAGASCAR,2017,7.0,41.0,48.0
MADAGASCAR,2018,9.0,45.0,54.0
MADAGASCAR,2019,11.0,54.0,65.0
MADAGASCAR,2020,3.0,0.1,3.1
MALAWI,2019,255479.0,2850.0,258329.0
MALAYSIA,2008,29380.0,33903.0,63283.0
MALAYSIA,2009,35524.0,54981.0,90505.0
MALAYSIA,2010,43818.0,94035.0,137853.0
MALAYSIA,2011,51543.0,111292.0,162835.0
MALAYSIA,2012,55364.0,119084.0,174448.0
MALAYSIA,2013,63115.0,130119.0,193274.0
MALAYSIA,2014,71735.0,145717.0,217452.0
MALAYSIA,2015,80563.0,154628.0,235191.0
MALAYSIA,2016,84712.0,169166.0,253878.0
MALAYSIA,2017,91500.0,184648.0,276148.0
MALAYSIA,2018,101547.0,200868.0,302415.0
MALAYSIA,2019,113673.0,218705.0,332378.0
MALAYSIA,2020,48286.0,98704.0,146990.0
MALAYSIA,2021,15542.0,56857.0,72399.0
MALAYSIA,2022,71916.0,135869.0,207785.0
MALI,2003,38.0,,
MALI,2004,36.0,,
MALI,2005,44.0,,
MALI,2006,47.0,,
MALI,2007,57.0,,
MALI,2008,45.0,,
MALI,2009,44.0,,
MALI,2010,40.0,,
MALI,2011,38.0,,
MALI,2012,30.0,,
MALI,2013,34.0,,
MALI,2014,23.0,,
MALI,2015,31.0,,
MALI,2016,26.0,,
MALI,2017,24.0,,
MALI,2018,24.5,,
MALI,2019,23.0,,
MALI,2020,22.5,,
MALI,2021,42.8,,
MALI,2022,23.7,,
MALTA,2012,205.0,,
MALTA,2013,190.0,,
MALTA,2014,200.0,,
MALTA,2015,204.0,,
MALTA,2016,241.0,,
MALTA,2017,261.0,,
MALTA,2018,245.0,,
MALTA,2019,237.0,,
MALTA,2020,360.0,,
MALTA,2021,389.0,,
MALTA,2022,369.0,,
"MOLDOVA, REPUBLIC OF",2009,24.0,13.0,37.0
"MOLDOVA, REPUBLIC OF",2010,27.0,9.0,36.0
"MOLDOVA, REPUBLIC OF",2011,28.0,9.8,37.8
"MOLDOVA, REPUBLIC OF",2012,28.0,6.4,34.4
"MOLDOVA, REPUBLIC OF",2013,25.5,8.7,34.2
"MOLDOVA, REPUBLIC OF",2014,26.6,16.4,43.0
"MOLDOVA, REPUBLIC OF",2015,24.8,12.5,37.3
"MOLDOVA, REPUBLIC OF",2016,25.0,16.0,41.0
"MOLDOVA, REPUBLIC OF",2017,26.0,12.0,38.0
"MOLDOVA, REPUBLIC OF",2018,28.0,12.0,40.0
"MOLDOVA, REPUBLIC OF",2019,27.0,19.0,46.0
"MOLDOVA, REPUBLIC OF",2020,9.0,34.0,43.0
"MOLDOVA, REPUBLIC OF",2021,18.4,60.8,79.2
"MOLDOVA, REPUBLIC OF",2022,23.4,100.2,124.0
MOROCCO,2009,16888.0,,
MOROCCO,2010,22913.0,,
MOROCCO,2014,23600.0,,
MOZAMBIQUE,2009,,,2435.0
MOZAMBIQUE,2013,,,6283.0
MOZAMBIQUE,2015,,,1089.0
NAMIBIA,2015,3740.0,2050.0,5790.0
NETHERLANDS,2012,28640.0,,
NETHERLANDS,2013,25840.0,,
NETHERLANDS,2014,24778.0,,
NETHERLANDS,2015,24156.0,,
NETHERLANDS,2016,24505.0,,
NETHERLANDS,2017,24289.0,,
NETHERLANDS,2018,23456.0,,
NETHERLANDS,2019,24476.0,,
NETHERLANDS,2020,20774.0,,
NETHERLANDS,2021,31080.0,,
NETHERLANDS,2022,21490.0,,
NEW ZEALAND,2007,27301.0,14683.0,41984.0
NEW ZEALAND,2008,15064.476,28322.353,43387.0
NEW ZEALAND,2009,16681.177,31395.369,48077.0
NEW ZEALAND,2010,15872.307,28204.988,44077.0
NEW ZEALAND,2011,17680.867,32386.682,50068.0
NEW ZEALAND,2012,16559.428,31083.087,47643.0
NIGERIA,2013,3606.0,5640.0,9246.0
NIGERIA,2014,2320.0,10568.0,12888.0
NIGERIA,2015,7622.0,9914.0,17536.0
NIGERIA,2016,6287.5,8499.2,14786.7
NIGERIA,2017,6414.0,8669.0,15083.0
NIGERIA,2018,6542.0,8843.0,15385.0
NIGERIA,2019,6674.0,9019.0,15693.0
NIGERIA,2020,1668.0,2255.0,3923.0
NIGERIA,2021,1721.0,2327.0,4048.0
NIGERIA,2022,1755.0,2373.0,4128.0
NORWAY,2009,14540.0,,
NORWAY,2010,15260.0,,
NORWAY,2011,14160.0,,
NORWAY,2012,13280.0,,
NORWAY,2013,15060.0,,
NORWAY,2014,15450.0,,
NORWAY,2015,13770.0,,
NORWAY,2016,13840.0,,
NORWAY,2017,15080.0,,
NORWAY,2018,18970.0,,
NORWAY,2019,14710.0,,
NORWAY,2020,16580.0,,
NORWAY,2021,20450.0,,
NORWAY,2022,21780.0,,
PARAGUAY,2007,833.0,246.0,1079.0
PARAGUAY,2008,622.0,157.0,779.0
PARAGUAY,2018,1487.4,537.0,2024.0
PARAGUAY,2019,1317.1,571.2,1888.0
PERU,2007,24223.0,50406.0,74629.0
PERU,2013,36068.0,65090.0,101158.0
PHILIPPINES,2000,,,17931.0
PHILIPPINES,2001,,,20821.0
PHILIPPINES,2002,,,19560.0
PHILIPPINES,2003,,,21254.0
PHILIPPINES,2004,,,24860.0
PHILIPPINES,2005,,,30287.0
PHILIPPINES,2006,,,31391.0
PHILIPPINES,2007,,,36787.0
PHILIPPINES,2008,,,30625.0
PHILIPPINES,2009,,,30757.0
PHILIPPINES,2010,,,32165.0
PHILIPPINES,2011,,,36836.0
PHILIPPINES,2012,,,40506.0
PHILIPPINES,2013,,,44681.0
PHILIPPINES,2014,,,60366.0
PHILIPPINES,2015,,,67463.0
PHILIPPINES,2016,,,75668.0
PHILIPPINES,2017,,,95641.0
PHILIPPINES,2018,,,109755.0
PHILIPPINES,2019,,,122118.0
PHILIPPINES,2020,,,26982.0
PHILIPPINES,2021,,,37279.0
PHILIPPINES,2022,,,102958.0
POLAND,2005,35900.0,,
POLAND,2006,38500.0,,
POLAND,2007,34900.0,,
POLAND,2008,34900.0,,
POLAND,2009,30800.0,,
POLAND,2010,33900.0,,
POLAND,2011,29600.0,,
POLAND,2012,40700.0,,
POLAND,2013,42450.0,,
POLAND,2014,38300.0,,
POLAND,2015,39900.0,,
POLAND,2016,43500.0,,
POLAND,2017,45900.0,,
POLAND,2018,47700.0,,
POLAND,2019,50000.0,,
POLAND,2020,38600.0,,
POLAND,2021,46278.0,34393.0,
POLAND,2022,51702.0,,
PORTUGAL,2012,12670.0,,
PORTUGAL,2013,16371.0,,
PORTUGAL,2014,16263.0,,
PORTUGAL,2015,17254.0,,
PORTUGAL,2016,18241.0,,
PORTUGAL,2017,18993.0,,
PORTUGAL,2018,19593.3,,
PORTUGAL,2019,21363.0,,
PORTUGAL,2020,13729.0,,
PORTUGAL,2021,16506.0,,
PORTUGAL,2022,19969.0,,
ROMANIA,2003,8668.0,,
ROMANIA,2004,10520.0,,
ROMANIA,2005,8736.0,,
ROMANIA,2006,6688.0,,
ROMANIA,2007,9294.0,,
ROMANIA,2008,9716.0,,
ROMANIA,2009,11651.0,,
ROMANIA,2010,10797.0,30087.0,40884.0
ROMANIA,2011,11986.0,29018.0,41004.0
ROMANIA,2012,15833.0,37680.0,53513.0
ROMANIA,2013,16357.0,36053.0,52410.0
ROMANIA,2014,15840.0,34244.0,50084.0
ROMANIA,2015,16194.0,36568.0,52762.0
ROMANIA,2016,15015.0,31971.0,46986.0
ROMANIA,2017,16444.0,34809.0,51253.0
ROMANIA,2018,16461.0,35624.0,52085.0
ROMANIA,2019,16863.0,36062.0,52925.0
ROMANIA,2020,11088.0,26544.0,37632.0
ROMANIA,2021,16045.0,34605.0,50650.0
ROMANIA,2022,16261.0,35103.0,51364.0
SAUDI ARABIA,2004,35282.0,4333.0,39615.0
SAUDI ARABIA,2005,30236.0,1992.0,32228.0
SAUDI ARABIA,2006,27080.0,1320.0,28400.0
SAUDI ARABIA,2007,28549.0,1123.0,29672.0
SAUDI ARABIA,2008,28775.0,1274.0,30049.0
SAUDI ARABIA,2009,32014.0,1512.0,33526.0
SAUDI ARABIA,2010,22780.0,1132.0,23912.0
SAUDI ARABIA,2011,26155.337,3173.59,29328.927
SAUDI ARABIA,2012,21006.132,2274.341,23280.473
SAUDI ARABIA,2013,23783.21,2650.111,26433.321
SAUDI ARABIA,2014,37101.0,6670.0,43771.0
SAUDI ARABIA,2015,46450.0,7666.0,54117.0
SAUDI ARABIA,2016,45036.0,4839.0,49875.0
SAUDI ARABIA,2017,43821.0,3089.0,46910.0
SAUDI ARABIA,2018,43255.0,3256.0,46512.0
SAUDI ARABIA,2019,47805.0,5269.0,53074.0
SAUDI ARABIA,2020,42107.0,6292.0,48399.0
SAUDI ARABIA,2021,63834.0,44295.0,108129.0
SAUDI ARABIA,2022,77837.0,47980.0,125817.0
SENEGAL,2014,308.0,,
SENEGAL,2015,396.0,,
SENEGAL,2016,485.0,,
SENEGAL,2017,548.0,,
SLOVAKIA,2005,,,5925.0
SLOVAKIA,2006,,,5927.0
SLOVAKIA,2007,,,6242.0
SLOVAKIA,2008,,,5842.0
SLOVAKIA,2009,,,4996.0
SLOVAKIA,2010,,,4844.0
SLOVAKIA,2011,,,5324.0
SLOVAKIA,2012,,,4477.0
SLOVAKIA,2013,,,4766.0
SLOVAKIA,2014,,,4932.0
SLOVAKIA,2015,,,5595.0
SLOVAKIA,2016,,,6728.0
SLOVAKIA,2017,,,7100.0
SLOVAKIA,2018,,,7761.0
SLOVAKIA,2019,,,8690.0
SLOVAKIA,2020,,,4418.0
SLOVAKIA,2021,,,4750.0
SLOVENIA,2000,2301.0,,
SLOVENIA,2001,1923.0,,
SLOVENIA,2002,1720.0,,
SLOVENIA,2003,1609.0,,
SLOVENIA,2004,2027.0,,
SLOVENIA,2005,1939.0,,
SLOVENIA,2006,2744.0,,
SLOVENIA,2007,1757.0,,
SLOVENIA,2008,1929.0,,
SLOVENIA,2009,2364.0,,
SLOVENIA,2010,1987.0,,
SLOVENIA,2011,2044.0,,
SLOVENIA,2012,2065.0,8825.0,10890.0
SLOVENIA,2013,2025.0,,
SLOVENIA,2014,1888.0,,
SLOVENIA,2015,1535.0,8481.0,10016.0
SLOVENIA,2016,1720.0,,
SLOVENIA,2017,1813.0,,
SLOVENIA,2018,2003.0,8914.0,10917.0
SLOVENIA,2019,1742.0,,
SLOVENIA,2020,1263.0,,
SLOVENIA,2021,3253.0,10790.0,14042.0
SLOVENIA,2022,2773.0,,
SOUTH AFRICA,2007,35974.0,115237.0,151211.0
SOUTH AFRICA,2008,32860.0,137918.0,170778.0
SOUTH AFRICA,2009,30292.0,137935.0,168227.0
SOUTH AFRICA,2010,29128.0,142750.0,171878.0
SOUTH AFRICA,2011,26404.0,146333.0,172737.0
SOUTH AFRICA,2012,25438.0,156754.0,182192.0
SOUTH AFRICA,2013,25200.0,253500.0,278700.0
SOUTH AFRICA,2014,28000.0,245900.0,273900.0
SOUTH AFRICA,2015,24500.0,224500.0,249000.0
SOUTH AFRICA,2016,24300.0,125200.0,149500.0
SOUTH AFRICA,2017,17200.0,135000.0,152000.0
SOUTH AFRICA,2018,17600.0,115000.0,132600.0
SOUTH AFRICA,2019,28500.0,236500.0,265000.0
SOUTH AFRICA,2020,17000.0,108040.0,125040.0
SOUTH AFRICA,2021,14800.0,68760.0,83560.0
SOUTH AFRICA,2022,34000.0,176365.0,210365.0
SPAIN,2000,146401.688,224615.526,371017.21400000004
SPAIN,2001,150567.69,254724.98,405292.67000000004
SPAIN,2002,147754.779,255245.115,402999.894
SPAIN,2003,154252.871,278409.227,432662.098
SPAIN,2004,152351.633,263285.482,415637.115
SPAIN,2005,157005.36,,
SPAIN,2006,154968.365,,
SPAIN,2007,146781.703,208772.814,355554.517
SPAIN,2008,157614.545,235286.702,392901.247
SPAIN,2009,154995.306,210257.808,365253.114
SPAIN,2010,145477.42,208947.392,354424.81200000003
SPAIN,2011,147407.636,200287.486,347695.122
SPAIN,2012,148369.0,224442.0,372811.0
SPAIN,2013,144527.25165739996,253895.70184669993,398422.95350409986
SPAIN,2014,139615.0,323146.0,462761.0
SPAIN,2015,150589.0,221676.0,372265.0
SPAIN,2016,158938.0,238196.0,397134.0
SPAIN,2017,167973.0,280332.0,448305.0
SPAIN,2018,168288.0,278191.0,446479.0
SPAIN,2019,165953.0,257619.0,423572.0
SPAIN,2020,90129.0,160340.0,250469.0
SPAIN,2021,128082.0,212971.0,341053.0
SPAIN,2022,147713.0,206207.0,353920.0
STATE OF PALESTINE,2017,42.9,3175.9,3219.0
STATE OF PALESTINE,2018,47.6,2877.1,2925.0
STATE OF PALESTINE,2019,58.9,3668.1,3727.0
STATE OF PALESTINE,2020,16.7,1341.3,1358.0
SWEDEN,2009,39068.0,,
SWEDEN,2010,44670.0,,
SWEDEN,2011,44756.0,,
SWEDEN,2012,44449.0,,
SWEDEN,2013,48926.0,,
SWEDEN,2017,37316.0,16900.0,54217.0
SWEDEN,2018,35686.0,20194.0,55880.0
SWEDEN,2019,36891.0,19280.0,56171.0
SWEDEN,2020,49831.0,78961.0,128792.0
SWEDEN,2021,5185.0,71484.0,122669.0
SWITZERLAND,2003,9097.0,80907.0,90004.0
SWITZERLAND,2008,8922.0,72394.0,81317.0
SWITZERLAND,2009,6730.0,69382.0,76112.0
SWITZERLAND,2010,6584.0,62012.0,68597.0
SWITZERLAND,2011,5779.0,55340.0,61119.0
SWITZERLAND,2012,6653.0,56430.0,63084.0
SWITZERLAND,2013,7227.0,58939.0,66166.0
SWITZERLAND,2014,6526.0,61010.0,67535.0
SWITZERLAND,2015,6545.0,61575.0,68120.0
SWITZERLAND,2016,6377.0,60285.0,66662.0
SWITZERLAND,2017,6795.0,61423.0,68218.0
SWITZERLAND,2018,6661.0,62872.0,69533.0
SWITZERLAND,2019,6541.0,62686.0,69227.0
SWITZERLAND,2020,7202.0,47826.0,55028.0
SWITZERLAND,2021,7625.3,68579.0,76204.3
SWITZERLAND,2022,7167.8,52826.5,59994.3
TAIWAN PROVINCE OF CHINA,2006,42048.0,65492.0,107541.0
TAIWAN PROVINCE OF CHINA,2007,33185.0,77064.0,110250.0
TAIWAN PROVINCE OF CHINA,2008,30474.0,67515.0,96197.0
TAIWAN PROVINCE OF CHINA,2009,28378.0,67818.0,97990.0
TAIWAN PROVINCE OF CHINA,2010,37181.0,86756.0,123937.0
TAIWAN PROVINCE OF CHINA,2011,46137.0,106130.0,152268.0
TAIWAN PROVINCE OF CHINA,2012,39921.0,102148.0,142069.0
TAIWAN PROVINCE OF CHINA,2013,40503.0,102113.0,142615.0
TAIWAN PROVINCE OF CHINA,2014,43909.0,112350.0,156260.0
TAIWAN PROVINCE OF CHINA,2015,50700.0,127823.0,178524.0
TAIWAN PROVINCE OF CHINA,2016,53686.0,136690.0,190376.0
TAIWAN PROVINCE OF CHINA,2017,55952.0,127497.0,183449.0
TAIWAN PROVINCE OF CHINA,2018,54748.0,116341.0,171090.0
TAIWAN PROVINCE OF CHINA,2019,56878.0,112401.0,169279.0
TAIWAN PROVINCE OF CHINA,2020,48038.0,94932.0,142970.0
TAIWAN PROVINCE OF CHINA,2021,35414.0,90613.0,126027.0
TAIWAN PROVINCE OF CHINA,2022,48208.0,120350.0,168558.0
TAJIKISTAN,2012,24.0,6.0,30.0
TAJIKISTAN,2013,28.0,10.0,38.0
TAJIKISTAN,2014,24.0,12.0,36.0
TAJIKISTAN,2015,40.0,14.0,54.0
TAJIKISTAN,2016,125.0,94.0,219.0
TAJIKISTAN,2017,146.0,77.0,223.0
TAJIKISTAN,2018,172.0,106.0,278.0
"TANZANIA, UNITED REPUBLIC OF",2021,12337.0,19110.0,31447.0
THAILAND,2006,,,81490.0
THAILAND,2007,,,83234.0
THAILAND,2008,,,98996.0
THAILAND,2009,,,86395.0
THAILAND,2010,,,101329.0
THAILAND,2011,,,109360.0
THAILAND,2012,,,118187.0
THAILAND,2013,94131.0,67594.0,161725.0
THAILAND,2014,98396.0,71508.0,169904.0
THAILAND,2015,106841.0,78269.0,185110.0
THAILAND,2016,115568.0,85391.0,200959.0
THAILAND,2017,125471.0,92525.0,217997.0
THAILAND,2018,130868.0,96906.0,227774.0
THAILAND,2019,131559.0,98190.0,229749.0
THAILAND,2020,74283.0,50506.0,124790.0
TRINIDAD AND TOBAGO,2009,596.0,,
TRINIDAD AND TOBAGO,2010,716.0,,
TRINIDAD AND TOBAGO,2011,546.0,,
TRINIDAD AND TOBAGO,2013,627.0,,1891.0
TRINIDAD AND TOBAGO,2014,,,1858.0
TRINIDAD AND TOBAGO,2015,,,1861.0
TRINIDAD AND TOBAGO,2016,,,1790.0
TRINIDAD AND TOBAGO,2017,,,1468.0
TRINIDAD AND TOBAGO,2018,,,1296.0
TRINIDAD AND TOBAGO,2019,,,1530.0
TRINIDAD AND TOBAGO,2020,,,808.0
TRINIDAD AND TOBAGO,2021,,,830.0
TRINIDAD AND TOBAGO,2022,,,1337.0
TÜRKIYE,2009,60888.0,39572.0,100460.0
TÜRKIYE,2010,68373.0,43128.0,111500.0
TÜRKIYE,2011,65854.0,38317.0,104171.0
TÜRKIYE,2012,64922.0,41304.0,106226.0
TÜRKIYE,2013,68452.0,43709.0,112161.0
TÜRKIYE,2014,70894.0,44194.0,155088.0
TÜRKIYE,2015,71251.0,44130.0,115381.0
TÜRKIYE,2016,68450.0,38051.0,106501.0
TÜRKIYE,2017,77179.0,43693.0,120872.0
TÜRKIYE,2018,78523.0,47943.0,126466.0
TÜRKIYE,2019,78202.0,46438.0,124640.0
TÜRKIYE,2020,42847.0,24295.0,67142.0
TÜRKIYE,2021,52774.0,23109.0,75883.0
TÜRKIYE,2022,52327.0,24240.0,76567.0
UGANDA,2019,8608.0,12883.0,21491.0
UGANDA,2022,9456.0,14152.0,23608.0
UNITED ARAB EMIRATES,2014,3336.0,,
UNITED ARAB EMIRATES,2015,6572.0,,
UNITED ARAB EMIRATES,2016,7157.0,,
UNITED ARAB EMIRATES,2017,5466.0,,
UNITED ARAB EMIRATES,2018,7882.0,,
UNITED ARAB EMIRATES,2019,8453.0,,
UNITED ARAB EMIRATES,2020,8761.0,,
UNITED ARAB EMIRATES,2021,10196.0,,
UNITED KINGDOM,2009,126010.0,,
UNITED KINGDOM,2010,119434.0,,
UNITED KINGDOM,2011,126640.0,1542000.0,1668640.0
UNITED KINGDOM,2012,126020.0,1710000.0,1836020.0
UNITED KINGDOM,2013,122905.0,1588000.0,1710905.0
UNITED KINGDOM,2014,114242.0,1584700.0,1698942.0
UNITED KINGDOM,2015,124426.0,1525200.0,1649626.0
UNITED KINGDOM,2016,119455.0,1834200.0,1953655.0
UNITED KINGDOM,2017,120676.0,1793400.0,1914076.0
UNITED KINGDOM,2018,118556.0,1703400.0,1821956.0
UNITED KINGDOM,2019,122780.0,1653300.0,1776080.0
UNITED KINGDOM,2022,126000.0,2788000.0,2914000.0
UNITED STATES OF AMERICA,2007,,,2004500.0
UNITED STATES OF AMERICA,2008,,,1964900.0
UNITED STATES OF AMERICA,2009,,,1900100.0
UNITED STATES OF AMERICA,2010,,,1963700.0
UNITED STATES OF AMERICA,2011,,,1998500.0
UNITED STATES OF AMERICA,2012,,,2030300.0
UNITED STATES OF AMERICA,2013,,,2059600.0
UNITED STATES OF AMERICA,2014,,,2109300.0
UNITED STATES OF AMERICA,2015,,,2178700.0
UNITED STATES OF AMERICA,2016,,,2206500.0
UNITED STATES OF AMERICA,2017,,,2248700.0
UNITED STATES OF AMERICA,2018,,,2291100.0
UNITED STATES OF AMERICA,2019,,,2326623.0
UNITED STATES OF AMERICA,2020,,,1581116.0
UNITED STATES OF AMERICA,2021,,,2020000.0
URUGUAY,2017,5897.0,1117.0,7014.0
URUGUAY,2018,5169.0,964.0,6133.0
URUGUAY,2019,5878.0,2454.0,8332.0
UZBEKISTAN,2016,,,94187.0
UZBEKISTAN,2017,,,106814.0
UZBEKISTAN,2018,,,119094.0
UZBEKISTAN,2019,,,108517.0
"VENEZUELA, BOLIVARIAN REPUBLIC OF",2005,,,17839.0
"VENEZUELA, BOLIVARIAN REPUBLIC OF",2006,10931.0,6411.0,17372.0
"VENEZUELA, BOLIVARIAN REPUBLIC OF",2007,10720.0,6528.0,17248.0
"VENEZUELA, BOLIVARIAN REPUBLIC OF",2008,14113.0,7972.0,22085.0
"VENEZUELA, BOLIVARIAN REPUBLIC OF",2009,12644.0,3884.0,16528.0
"VENEZUELA, BOLIVARIAN REPUBLIC OF",2010,12333.0,4690.0,17023.0
"VENEZUELA, BOLIVARIAN REPUBLIC OF",2011,13232.0,5032.0,18264.0
"VENEZUELA, BOLIVARIAN REPUBLIC OF",2012,12209.0,5106.0,17315.0
"VENEZUELA, BOLIVARIAN REPUBLIC OF",2013,15774.0,5752.0,21526.0
"VENEZUELA, BOLIVARIAN REPUBLIC OF",2014,14890.0,5799.0,20689.0
"VENEZUELA, BOLIVARIAN REPUBLIC OF",2015,10975.0,5169.0,16144.0
"VENEZUELA, BOLIVARIAN REPUBLIC OF",2016,12552.0,4642.0,17194.0
"VENEZUELA, BOLIVARIAN REPUBLIC OF",2017,12648.0,4909.0,17557.0
VIET NAM,2000,,,11200.0
VIET NAM,2001,,,11700.0
VIET NAM,2002,,,13000.0
VIET NAM,2003,,,13500.0
VIET NAM,2004,,,14500.0
VIET NAM,2005,,,16100.0
VIET NAM,2006,,,17500.0
VIET NAM,2007,,,19200.0
VIET NAM,2008,,,20500.0
VIET NAM,2009,,,25000.0
VIET NAM,2010,,,28000.0
VIET NAM,2011,,,30000.0
VIET NAM,2012,,,32500.0
VIET NAM,2013,,,35000.0
VIET NAM,2014,,,38500.0
VIET NAM,2015,,,57000.0
VIET NAM,2016,29200.0,32800.0,62000.0
VIET NAM,2017,35700.0,37500.0,73200.0
VIET NAM,2018,38600.0,41400.0,80000.0
VIET NAM,2019,43500.0,41500.0,85000.0
VIET NAM,2020,28700.0,27300.0,56000.0
VIET NAM,2021,19000.0,21000.0,40000.0
VIET NAM,2022,66700.0,34600.0,101300.0
ZIMBABWE,2000,18824.0,13644.0,32468.0
ZIMBABWE,2001,16917.0,12261.0,29178.0
ZIMBABWE,2002,12818.0,9291.0,22109.0
ZIMBABWE,2003,11534.0,8360.0,19894.0
ZIMBABWE,2004,11881.0,8611.0,20492.0
ZIMBABWE,2005,11534.0,8360.0,19894.0
ZIMBABWE,2006,12073.0,8750.0,20823.0
ZIMBABWE,2007,12001.0,8698.0,20699.0
ZIMBABWE,2008,11929.0,8647.0,20576.0
ZIMBABWE,2009,12101.0,8770.0,20871.0
ZIMBABWE,2010,6282.0,4553.0,10835.0
ZIMBABWE,2011,9206.0,6672.0,15878.0
ZIMBABWE,2012,9466.0,6861.0,16327.0
ZIMBABWE,2013,7787.0,5644.0,13431.0
ZIMBABWE,2014,7990.0,5791.0,13781.0
ZIMBABWE,2015,9524.0,6903.0,16427.0
ZIMBABWE,2016,9495.0,6882.0,16377.0
ZIMBABWE,2017,9106.0,6600.0,15707.0
ZIMBABWE,2018,8801.0,6379.0,15180.0
ZIMBABWE,2019,12157.0,8834.0,20991.0
ZIMBABWE,2020,4757.0,3445.0,8202.0
ZIMBABWE,2021,6874.0,4978.0,11852.0
ZIMBABWE,2022,12275.0,8889.0,21164.0
