Country,Indicators,,Units,2000,2001,2002,2003,2004,2005,2006,2007,2008,2009,2010,2011,2012,2013,2014,2015,2016,2017,2018,2019,2020,2021,2022
AFGHANISTAN,Total,,Thousands,,,,,,,,,,,,,,,,,,,,,,,
AFGHANISTAN,Personal,,Thousands,,,,,,,,,,,,,,,,,,,,,,,
AFGHANISTAN,Business and professional,,Thousands,,,,,,,,,,,,,,,,,,,,,,,
ALBANIA,Total,,Thousands,295.0,340.0,470.0,558.0,645.0,748.0,937.0,1126.0,1419.0,1856.0,2417.0,2932.0,3514.0,3256.0,3672.6,4131.3,4735.5,5118.0,5926.8,6406.0,2657.8,5688.599999999999,7543.8
ALBANIA,Personal,,Thousands,218.0,243.0,370.0,470.0,582.0,680.0,889.0,1060.0,1340.0,1804.0,2370.0,2889.0,3472.0,3206.0,3624.4,4089.2,4676.8,5049.5,5839.6,6304.8,2542.5,5588.4,7437.5
ALBANIA,Business and professional,,Thousands,77.0,97.0,100.0,88.0,63.0,68.0,48.0,66.0,79.0,52.0,47.0,43.0,42.0,50.0,48.2,42.1,58.7,68.5,87.2,101.2,115.3,100.2,106.3
ALGERIA,Total,,Thousands,,,,305.0,368.0,441.0,467.0,511.0,556.0,656.0,655.0,902.0,982.0,964.0,940.2,1083.0,1322.6999999999998,1708.0,2018.8,1933.8,510.1,67.0,757.4000000000001
ALGERIA,Personal,,Thousands,,,,240.0,267.0,323.0,321.0,326.0,359.0,429.0,377.0,630.0,702.0,672.0,611.6,723.0,942.3,1470.0,1837.7,1775.7,474.5,21.6,701.2
ALGERIA,Business and professional,,Thousands,,,,65.0,101.0,118.0,146.0,185.0,197.0,227.0,278.0,272.0,280.0,292.0,328.6,360.0,380.4,238.0,181.1,158.1,35.6,45.4,56.2
AMERICAN SAMOA,Total,,Thousands,44.0,36.0,,,,24.5,25.299999999999997,24.099999999999998,24.282999999999998,23.544,23.099,22.596000000000004,22.579,20.8,21.6,20.299999999999997,20.1,19.999999999999996,20.188000000000002,,,,
AMERICAN SAMOA,Personal,,Thousands,34.0,28.3,,,,20.1,20.7,18.9,18.945999999999998,17.137,17.226,17.182000000000002,17.069,16.6,17.5,16.299999999999997,16.6,16.799999999999997,16.64,,,,
AMERICAN SAMOA,Business and professional,,Thousands,10.0,7.7,,,,4.4,4.6,5.2,5.337,6.407,5.873,5.414,5.51,4.2,4.1,4.0,3.5,3.2,3.548,,,,
ANDORRA,Total,,Thousands,,11351.0,11508.0,11601.0,11669.0,11050.0,10737.0,10744.0,10194.0,9112.0,8551.0,7983.0,7900.0,7676.0,7797.0,7850.4,8025.3,8152.099999999999,8328.3,8235.0,5206.599999999999,5422.0,8426.699999999999
ANDORRA,Personal,,Thousands,,10687.0,10907.0,10975.0,10978.0,10405.0,10244.0,10288.0,9798.0,8616.0,7959.0,7896.0,7814.0,7569.0,7680.0,7677.7,7880.8,8021.7,8153.4,8045.6,4886.9,5242.0,8202.9
ANDORRA,Business and professional,,Thousands,,664.0,601.0,626.0,691.0,645.0,493.0,456.0,396.0,496.0,592.0,87.0,86.0,107.0,117.0,172.7,144.5,130.4,174.9,189.4,319.7,180.0,223.8
ANGOLA,Total,,Thousands,51.0,67.0,91.0,107.0,194.0,210.0,122.0,194.0,294.0,365.0,425.0,481.0,528.0,650.0,595.0,592.4,397.4,260.9,217.89999999999998,217.5,63.599999999999994,63.7,129.0
ANGOLA,Personal,,Thousands,46.0,56.0,62.0,88.0,173.0,182.0,98.0,166.0,235.0,289.0,313.0,246.0,289.0,386.0,360.0,320.0,290.8,187.3,167.2,168.0,57.3,57.6,92.0
ANGOLA,Business and professional,,Thousands,5.0,11.0,29.0,19.0,21.0,28.0,24.0,28.0,59.0,76.0,112.0,235.0,239.0,264.0,235.0,272.4,106.6,73.6,50.7,49.5,6.3,6.1,37.0
ANGUILLA,Total,,Thousands,112.39999999999999,105.0,111.10000000000001,109.25999999999999,120.8,143.20000000000002,167.20000000000002,164.0,127.9,112.1,118.4,123.6,129.4,151.3,176.7,186.0,176.0,151.0,87.3,166.3,41.099999999999994,28.7,95.8
ANGUILLA,Personal,,Thousands,109.3,101.1,107.4,105.46,117.2,138.3,160.4,155.6,122.2,108.5,114.5,120.6,126.6,148.4,173.6,182.0,171.0,148.0,84.2,163.0,40.3,28.0,94.2
ANGUILLA,Business and professional,,Thousands,3.1,3.9,3.7,3.8,3.6,4.9,6.8,8.4,5.7,3.6,3.9,3.0,2.8,2.9,3.1,4.0,5.0,3.0,3.1,3.3,0.8,0.7,1.6
ANTIGUA AND BARBUDA,Total,,Thousands,,,,,246.0,245.0,254.0,262.0,266.0,234.0,230.0,241.0,,,249.2,250.0,265.2,247.3,269.0,301.0,125.0,169.4,265.1
ANTIGUA AND BARBUDA,Personal,,Thousands,,,,,234.0,231.0,240.0,251.0,258.0,228.0,225.0,234.0,,,240.39999999999998,241.0,258.09999999999997,240.0,258.4,285.7,118.6,163.4,253.9
ANTIGUA AND BARBUDA,Business and professional,,Thousands,,,,,12.0,14.0,14.0,11.0,8.0,6.0,5.0,7.0,,,8.8,9.0,7.1,7.3,10.6,15.3,6.4,6.0,11.2
ARGENTINA,Total,,Thousands,,,,,1579.6909999999998,1870.39,2142.402,2374.19,2401.273,2082.5989999999997,2697.43,2751.639,2623.325,2433.216,2521.3469999999998,2352.029,2314.6710000000003,2432.37,2679.605,2920.0,634.0,174.89999999999998,1659.0
ARGENTINA,Personal,,Thousands,,,,,1197.2359999999999,1482.1180000000002,1780.521,1922.783,1966.2060000000001,1694.3229999999999,2203.459,2243.116,2172.98,1956.781,2010.1419999999998,1826.766,1837.371,1872.651,2017.409,2332.0,560.0,153.7,1446.0
ARGENTINA,Business and professional,,Thousands,,,,,382.455,388.272,361.881,451.407,435.067,388.276,493.971,508.523,450.345,476.435,511.205,525.263,477.3,559.719,662.196,588.0,74.0,21.2,213.0
ARMENIA,Total,,Thousands,45.0,124.0,162.0,206.0,263.0,318.0,382.0,511.0,558.0,575.0,683.0,758.0,963.0,1084.0,1204.0,1192.0,1259.6,1494.8,1651.8000000000002,1894.4,375.2,870.3,1665.6000000000001
ARMENIA,Personal,,Thousands,41.0,99.0,131.0,167.0,217.0,251.0,268.0,336.0,369.0,378.0,453.0,523.0,631.0,672.0,776.0,770.0,857.8,1137.5,1200.9,1593.4,318.9,716.3,1105.9
ARMENIA,Business and professional,,Thousands,4.0,25.0,31.0,39.0,46.0,67.0,114.0,175.0,189.0,197.0,230.0,235.0,332.0,412.0,428.0,422.0,401.8,357.3,450.9,301.0,56.3,154.0,559.7
ARUBA,Total,,Thousands,721.0,691.0,643.0,642.0,728.0,733.0,694.0,772.0,827.0,,824.0,869.0,904.0,979.0,1072.0,1225.0,1102.0,1070.5,1081.9,1118.9,368.3,806.6999999999999,1100.8999999999999
ARUBA,Personal,,Thousands,681.0,651.0,612.0,609.0,695.0,699.0,660.0,737.0,799.0,,800.0,816.0,856.0,924.0,1015.0,1162.2,1042.0,1008.7,1022.5,1070.9,348.90000000000003,772.4,1038.1
ARUBA,Business and professional,,Thousands,40.0,40.0,31.0,33.0,33.0,34.0,34.0,35.0,28.0,,24.0,53.0,48.0,55.0,57.0,62.8,60.0,61.8,59.4,48.0,19.4,34.3,62.8
AUSTRALIA,Total,,Thousands,4931.0,4856.0,4841.0,4747.0,5215.0,5499.0,5533.0,5645.0,5586.0,5490.0,5791.0,5771.0,6032.0,6481.699999999999,6921.799999999999,7449.3,8268.8,8815.3,9245.6,9465.8,1827.6999999999998,246.3,3694.4
AUSTRALIA,Personal,,Thousands,4080.0,4019.0,3968.0,3847.0,4216.0,4395.0,4315.0,4336.0,4247.0,4271.0,4431.0,4351.0,4577.0,5038.299999999999,5435.4,5869.6,6670.3,7071.7,7440.1,7624.299999999999,1421.8,192.3,2957.3
AUSTRALIA,Business and professional,,Thousands,851.0,837.0,873.0,900.0,999.0,1104.0,1218.0,1309.0,1339.0,1219.0,1360.0,1420.0,1455.0,1443.4,1486.4,1579.7,1598.5,1743.6,1805.5,1841.5,405.9,54.0,737.1
AUSTRIA,Total,,Thousands,,,,,,,,,,,,,,,,,,,,,,,
AUSTRIA,Personal,,Thousands,,,,,,,,,,,,,,,,,,,,,,,
AUSTRIA,Business and professional,,Thousands,,,,,,,,,,,,,,,,,,,,,,,
AZERBAIJAN,Total,,Thousands,681.0,767.0,834.0,1038.0,1280.0,1177.0,1194.0,1333.0,1899.0,1830.0,1963.0,2239.0,2484.0,2509.0,2297.8,2006.2,2248.8,2696.7,2849.6,3170.3999999999996,795.7,791.8,1602.3000000000002
AZERBAIJAN,Personal,,Thousands,75.0,49.0,59.0,103.0,150.0,890.0,910.0,1028.0,1505.0,1450.0,1415.0,1647.0,1889.0,1860.0,1627.4,1373.9,1557.1,1862.3,2062.2,2319.8999999999996,618.2,595.1,1201.8000000000002
AZERBAIJAN,Business and professional,,Thousands,606.0,718.0,775.0,935.0,1130.0,287.0,284.0,305.0,394.0,380.0,548.0,592.0,595.0,649.0,670.4,632.3,691.7,834.4,787.4,850.5,177.5,196.7,400.5
BAHAMAS,Total,,Thousands,1544.0,1538.0,1513.0,1505.3,1560.6999999999998,1625.1,1613.1999999999998,1537.8999999999999,1468.6,1335.9999999999998,1378.3999999999999,1355.0,1431.0,1377.2,1443.5,1496.3,1498.7,1452.0,1632.6,1806.8999999999999,440.6,892.4,1452.3999999999999
BAHAMAS,Personal,,Thousands,1364.0,1376.0,1357.0,1361.5,1415.6999999999998,1474.1,1486.6,1396.3,1343.0,1244.6999999999998,1303.3999999999999,1261.6,1330.8,1278.1000000000001,1353.7,1389.7,1391.8,1365.1,1530.8,1695.6,402.3,861.1,1368.3999999999999
BAHAMAS,Business and professional,,Thousands,180.0,162.0,156.0,143.8,145.0,151.0,126.6,141.6,125.6,91.3,75.0,93.4,100.2,99.1,89.8,106.6,106.9,86.9,101.8,111.3,38.3,31.3,84.0
BAHRAIN,Total,,Thousands,3869.0,4388.0,4831.0,4844.0,5667.0,6314.0,7289.0,7833.0,8631.0,,,6732.0,,,,9669.5,10158.0,11374.0,12044.7,11061.2,1909.0,3612.0,9948.6
BAHRAIN,Personal,,Thousands,3610.0,4058.0,4412.0,4302.0,5020.0,5687.0,6421.0,6788.0,7362.0,,,6082.0,,,,7275.5,8632.0,10697.0,11220.5,10166.0,1770.5,3413.6,9551.2
BAHRAIN,Business and professional,,Thousands,259.0,330.0,419.0,542.0,647.0,627.0,868.0,1045.0,1269.0,,,650.0,,,,2394.0,1526.0,677.0,824.2,895.2,138.5,198.4,397.4
BANGLADESH,Total,,Thousands,199.0,207.0,207.0,245.0,271.0,208.0,200.0,289.0,467.0,267.0,,,,,,,,,,,,,
BANGLADESH,Personal,,Thousands,159.0,173.0,177.0,211.0,216.0,105.0,109.0,156.0,340.0,145.0,,,,,,,,,,,,,
BANGLADESH,Business and professional,,Thousands,40.0,34.0,30.0,34.0,55.0,103.0,91.0,133.0,127.0,122.0,,,,,,,,,,,,,
BARBADOS,Total,,Thousands,545.0,507.0,497.0,531.0,551.0,548.0,563.0,574.0,568.0,518.0,532.0,568.0,536.0,509.0,520.8,592.3000000000001,632.1,663.6,680.1999999999999,522.5,207.29999999999998,144.8,539.7
BARBADOS,Personal,,Thousands,485.0,450.0,439.0,466.0,481.0,476.0,503.0,516.0,508.0,463.0,479.0,514.0,485.0,451.0,462.2,533.2,573.9,609.8000000000001,628.4,477.29999999999995,184.39999999999998,131.9,474.7
BARBADOS,Business and professional,,Thousands,60.0,57.0,58.0,65.0,70.0,72.0,60.0,58.0,60.0,55.0,53.0,54.0,51.0,58.0,58.6,59.1,58.2,53.8,51.8,45.2,22.9,12.9,65.0
BELARUS,Total,,Thousands,2030.0,1852.0,1907.0,1729.0,1816.0,4738.0,5276.0,5283.0,5262.0,4872.0,5674.0,5877.0,6130.0,6242.0,5375.0,4386.0,10935.0,11060.0,11501.6,11832.0,3598.3999999999996,3361.0000000000005,4920.400000000001
BELARUS,Personal,,Thousands,1795.0,1592.0,1727.0,1515.0,1566.0,4324.0,4751.0,4837.0,4837.0,4505.0,5302.0,5464.0,5723.0,5866.0,5026.0,4105.0,8179.0,8273.0,8833.2,8939.1,2775.1,2632.1000000000004,4188.1
BELARUS,Business and professional,,Thousands,235.0,260.0,180.0,214.0,250.0,414.0,525.0,446.0,425.0,367.0,372.0,413.0,407.0,376.0,349.0,281.0,2756.0,2787.0,2668.4,2892.9,823.3,728.9,732.3
BELGIUM,Total,,Thousands,6457.0,6452.0,6719.0,6690.0,6710.0,6747.0,6995.0,7045.0,7164.0,6815.0,7186.0,7494.0,7560.0,7684.0,7887.4,8354.7,7481.4,8384.5,9118.8,9343.3,2584.0,3243.1000000000004,8220.2
BELGIUM,Personal,,Thousands,3974.0,4054.0,4319.0,4406.0,4377.0,4381.0,4503.0,4605.0,4588.0,4532.0,4779.0,4886.0,4772.0,4846.0,5045.2,5450.2,4809.8,5444.4,6048.4,6194.9,1744.0,2207.4,5848.8
BELGIUM,Business and professional,,Thousands,2483.0,2398.0,2400.0,2284.0,2333.0,2366.0,2492.0,2440.0,2576.0,2283.0,2407.0,2608.0,2788.0,2838.0,2842.2,2904.5,2671.6,2940.1,3070.4,3148.4,840.0,1035.7,2371.4
BELIZE,Total,,Thousands,196.0,196.0,199.0,221.0,231.0,237.0,247.0,251.0,245.0,232.0,242.0,250.0,277.0,294.0,321.0,341.1,385.59999999999997,427.0,489.2,503.2,144.1,219.1,
BELIZE,Personal,,Thousands,187.0,186.0,186.0,208.0,219.0,225.0,235.0,238.0,235.0,222.0,231.0,238.0,264.0,281.0,304.0,326.1,371.4,410.0,477.8,490.0,135.1,203.5,
BELIZE,Business and professional,,Thousands,9.0,10.0,13.0,13.0,12.0,12.0,12.0,13.0,10.0,10.0,11.0,12.0,13.0,13.0,17.0,15.0,14.2,17.0,11.4,13.2,9.0,15.6,
BENIN,Total,,Thousands,96.0,,,,,,,185.0,188.0,190.0,199.0,209.0,220.0,231.0,242.39999999999998,254.5,267.3,280.7,294.70000000000005,309.4,324.9,,
BENIN,Personal,,Thousands,19.0,,,,,,,88.0,103.0,82.0,103.0,115.0,121.0,117.0,118.39999999999999,118.3,127.30000000000001,135.1,134.4,138.20000000000002,171.3,,
BENIN,Business and professional,,Thousands,77.0,,,,,,,97.0,85.0,108.0,96.0,94.0,99.0,114.0,124.0,136.2,140.0,145.6,160.3,171.2,153.6,,
BERMUDA,Total,,Thousands,332.0,278.0,283.0,257.0,271.0,270.0,299.0,306.0,264.0,235.0,232.0,236.0,232.0,236.0,224.4,219.9,244.39999999999998,269.5,281.8,269.5,42.1,72.1,145.9
BERMUDA,Personal,,Thousands,284.0,244.0,244.0,206.0,216.0,211.0,242.0,238.0,203.0,185.0,184.0,184.0,187.0,187.0,177.8,174.8,200.39999999999998,221.4,235.2,222.20000000000002,32.7,66.0,122.9
BERMUDA,Business and professional,,Thousands,48.0,34.0,39.0,51.0,55.0,59.0,57.0,68.0,61.0,50.0,48.0,52.0,45.0,49.0,46.6,45.1,44.0,48.1,46.6,47.3,9.4,6.1,23.0
BHUTAN,Total,,Thousands,7.6,6.4,5.6,6.3,9.2,13.6,17.3,21.0,28.0,24.0,41.0,66.0,105.0,116.0,133.45000000000002,155.1,209.6,254.6,274.09999999999997,315.59999999999997,29.8,0.001,
BHUTAN,Personal,,Thousands,7.6,6.4,5.6,6.3,9.2,13.6,17.3,21.0,26.0,22.0,37.0,43.0,85.0,98.0,117.65,140.0,192.1,237.7,258.9,298.2,27.5,0.001,
BHUTAN,Business and professional,,Thousands,,,,,,,,,2.0,2.0,4.0,23.0,20.0,18.0,15.8,15.1,17.5,16.9,15.2,17.4,2.3,,
"BOLIVIA, PLURINATIONAL STATE OF",Total,,Thousands,305.0,316.0,334.0,428.0,480.0,524.0,521.0,573.0,529.6,599.0,679.0,711.0,798.0,798.0,870.6,881.6000000000001,960.8999999999999,1108.5,1141.9,1239.3,323.20000000000005,179.9,724.0
"BOLIVIA, PLURINATIONAL STATE OF",Personal,,Thousands,262.0,260.0,275.0,378.0,431.0,490.0,488.0,536.0,498.6,549.0,623.0,652.0,732.0,732.0,783.5,774.9000000000001,844.5999999999999,974.4,1003.7,1089.3,284.1,158.1,549.2
"BOLIVIA, PLURINATIONAL STATE OF",Business and professional,,Thousands,43.0,56.0,59.0,50.0,49.0,34.0,33.0,37.0,31.0,50.0,56.0,59.0,66.0,66.0,87.1,106.7,116.3,134.1,138.2,150.0,39.1,21.8,174.8
BONAIRE,Total,,Thousands,51.0,50.0,51.0,65.0,62.0,,,,,,,,,,,,,,,,,,
BONAIRE,Personal,,Thousands,47.0,46.0,50.0,63.0,61.0,,,,,,,,,,,,,,,,,,
BONAIRE,Business and professional,,Thousands,4.0,4.0,1.0,2.0,1.0,,,,,,,,,,,,,,,,,,
BOSNIA AND HERZEGOVINA,Total,,Thousands,,,,,,,,,,,,,,529.0,536.0,678.0,778.0,923.0,1053.0,1198.0,196.0,501.9,915.0999999999999
BOSNIA AND HERZEGOVINA,Personal,,Thousands,,,,,,,,,,,,,,316.0,364.0,523.0,608.0,736.0,831.0,962.0,151.0,411.2,770.9
BOSNIA AND HERZEGOVINA,Business and professional,,Thousands,,,,,,,,,,,,,,213.0,172.0,155.0,170.0,187.0,222.0,236.0,45.0,90.7,144.2
BOTSWANA,Total,,Thousands,1104.0,1193.0,1274.0,1406.0,1523.0,1474.0,1426.0,1736.0,2101.0,1721.4,1973.0,,1614.4,1544.1,1966.0,1527.6000000000001,1574.2,1622.6,1654.6999999999998,1454.6,328.5,313.8,
BOTSWANA,Personal,,Thousands,961.0,1095.0,1151.0,1300.0,1443.0,1396.0,1349.0,1618.0,1954.0,1575.7,1785.0,,1465.4,1187.1,1357.0,1037.4,1112.7,1241.2,1282.3,1180.8,259.2,203.10000000000002,
BOTSWANA,Business and professional,,Thousands,143.0,98.0,123.0,106.0,80.0,78.0,77.0,118.0,147.0,145.7,188.0,,149.0,357.0,609.0,490.2,461.5,381.4,372.4,273.8,69.3,110.7,
BRAZIL,Total,,Thousands,5313.0,4773.0,3784.0,4134.0,4794.0,5358.0,5017.0,5026.0,5050.0,4802.0,5162.0,5433.0,5677.0,5813.0,6430.0,6306.0,6546.599999999999,6588.7,6621.4,6353.2,,,
BRAZIL,Personal,,Thousands,3833.0,3330.0,2714.0,3059.0,3418.0,3799.0,3607.0,3649.0,3676.0,3702.0,3959.0,4042.0,4246.0,4290.0,5022.0,5032.0,5322.4,5560.9,5727.5,5374.8,,,
BRAZIL,Business and professional,,Thousands,1480.0,1443.0,1070.0,1075.0,1376.0,1559.0,1410.0,1377.0,1374.0,1100.0,1203.0,1391.0,1431.0,1523.0,1408.0,1274.0,1224.2,1027.8,893.9,978.4,,,
BRITISH VIRGIN ISLANDS,Total,,Thousands,272.0,296.0,282.0,318.0,305.0,,356.0,358.0,345.0,309.0,330.0,338.0,351.0,366.0,,,,,,,,,
BRITISH VIRGIN ISLANDS,Personal,,Thousands,266.0,289.0,276.0,312.0,300.0,,344.0,345.0,329.0,293.0,313.0,317.0,330.0,343.0,,,,,,,,,
BRITISH VIRGIN ISLANDS,Business and professional,,Thousands,6.0,7.0,6.0,6.0,5.0,,12.0,13.0,16.0,16.0,17.0,21.0,21.0,23.0,,,,,,,,,
BRUNEI DARUSSALAM,Total,,Thousands,984.0,840.0,,,,815.0,,178.0,226.0,157.0,214.0,242.0,209.0,225.0,201.0,218.2,218.7,258.9,278.2,333.3,62.3,3.5,
BRUNEI DARUSSALAM,Personal,,Thousands,950.0,823.0,,,,811.0,,142.0,185.0,118.0,169.0,195.0,157.0,163.0,148.8,169.0,173.6,215.7,234.0,289.8,53.5,1.4000000000000001,
BRUNEI DARUSSALAM,Business and professional,,Thousands,34.0,17.0,,,,4.0,,36.0,41.0,39.0,45.0,47.0,52.0,62.0,52.2,49.2,45.1,43.2,44.2,43.5,8.8,2.1,
BULGARIA,Total,,Thousands,4922.0,5104.0,5563.0,6241.0,6981.0,7282.0,7499.0,7726.0,8533.0,7873.0,8374.0,8713.0,8867.0,9192.0,9408.800000000001,9317.7,10604.4,11596.1,12368.4,12552.2,4973.3,7188.4,10888.0
BULGARIA,Personal,,Thousands,4744.0,4920.0,5383.0,6025.0,6709.0,6942.0,7167.0,7350.0,8115.0,6798.0,7440.0,7741.0,7826.0,8166.0,8191.400000000001,8126.2,9183.3,10034.2,10640.5,10791.0,4241.8,6322.0,9652.9
BULGARIA,Business and professional,,Thousands,178.0,184.0,180.0,216.0,272.0,340.0,332.0,376.0,418.0,1075.0,934.0,972.0,1041.0,1026.0,1217.4,1191.5,1421.1,1561.9,1727.9,1761.2,731.5,866.4,1235.1
BURKINA FASO,Total,,Thousands,165.0,184.0,199.0,216.0,289.0,324.0,358.0,374.0,376.0,401.0,427.0,434.0,483.0,506.0,486.0,474.5,488.4,512.5,540.4,569.4000000000001,435.6,519.8,530.7
BURKINA FASO,Personal,,Thousands,67.0,131.0,88.0,101.0,124.0,99.0,125.0,163.0,155.0,155.0,164.0,178.0,192.39999999999998,187.0,208.0,199.3,182.0,194.9,196.9,196.60000000000002,188.1,235.8,259.7
BURKINA FASO,Business and professional,,Thousands,98.0,53.0,111.0,115.0,165.0,225.0,233.0,211.0,221.0,246.0,263.0,256.0,290.6,319.0,278.0,275.2,306.4,317.6,343.5,372.8,247.5,284.0,271.0
BURUNDI,Total,,Thousands,29.0,36.0,74.0,74.0,133.0,149.0,213.0,192.0,201.0,212.0,142.0,144.0,147.0,234.0,235.0,131.0,187.0,299.0,,,,,
BURUNDI,Personal,,Thousands,19.0,24.0,52.0,52.0,88.0,100.0,149.0,165.0,173.0,182.0,122.0,111.0,134.0,217.0,193.0,121.0,156.0,252.0,,,,,
BURUNDI,Business and professional,,Thousands,10.0,12.0,22.0,22.0,45.0,49.0,64.0,27.0,28.0,30.0,20.0,33.0,13.0,17.0,42.0,10.0,31.0,47.0,,,,,
CABO VERDE,Total,,Thousands,,,,,,,,,,,,,,,,,,,,,,,
CABO VERDE,Personal,,Thousands,,,,,,,,,,,,,,,,,,,,,,,
CABO VERDE,Business and professional,,Thousands,,,,,,,,,,,,,,,,,,,,,,,
CAMBODIA,Total,,Thousands,351.0,408.0,523.0,701.0,987.0,1333.0,1591.0,2015.0,2125.0,2162.0,2508.0,2882.0,3584.0,4210.0,4503.0,4775.3,5011.7,5602.099999999999,6201.0,6610.6,1306.2,196.39999999999998,2276.6
CAMBODIA,Personal,,Thousands,304.0,346.0,465.0,630.0,919.0,1246.0,1482.0,1869.0,1966.0,2029.0,2367.0,2739.0,3416.0,4025.0,4297.0,4475.7,4669.5,5228.9,5513.9,5239.2,1034.2,105.3,1845.6
CAMBODIA,Business and professional,,Thousands,47.0,62.0,58.0,71.0,68.0,87.0,109.0,146.0,159.0,133.0,141.0,143.0,168.0,185.0,206.0,299.6,342.2,373.2,687.1,1371.4,272.0,91.1,431.0
CAMEROON,Total,,Thousands,,,,,,,,,,,,,,,,,,,,,,,
CAMEROON,Personal,,Thousands,,,,,,,,,,,,,,,,,,,,,,,
CAMEROON,Business and professional,,Thousands,,,,,,,,,,,,,,,,,,,,,,,
CANADA,Total,,Thousands,19554.0,19580.0,19964.0,17419.0,19031.0,18611.0,18128.0,17776.0,16998.0,15586.0,15988.0,16014.4,16344.0,15983.599999999999,16445.2,17859.2,19822.5,20576.399999999998,20957.9,22045.000000000004,,,
CANADA,Personal,,Thousands,16712.0,17061.0,17404.0,15188.0,16460.0,15989.0,15477.0,15189.0,14332.0,13240.0,13576.0,13551.8,13855.2,13430.4,13757.7,14734.9,16210.1,16793.1,17439.0,18260.800000000003,,,
CANADA,Business and professional,,Thousands,2842.0,2519.0,2560.0,2231.0,2571.0,2622.0,2651.0,2587.0,2666.0,2346.0,2412.0,2462.6,2488.8,2553.2,2687.5,3124.3,3612.4,3783.3,3518.9,3784.2,,,
CAYMAN ISLANDS,Total,,Thousands,355.0,334.0,303.0,294.0,260.0,168.0,267.0,292.0,303.0,272.0,289.0,309.0,322.0,345.0,383.0,385.4,385.0,418.40000000000003,463.00000000000006,502.8,121.80000000000001,,
CAYMAN ISLANDS,Personal,,Thousands,339.0,324.0,290.0,279.0,246.0,156.0,248.0,271.0,284.0,256.0,272.0,291.0,302.0,325.0,364.0,366.7,364.0,394.8,435.70000000000005,471.8,113.9,,
CAYMAN ISLANDS,Business and professional,,Thousands,16.0,10.0,13.0,15.0,14.0,12.0,19.0,21.0,19.0,16.0,17.0,18.0,20.0,20.0,19.0,18.7,21.0,23.6,27.3,31.0,7.9,,
CENTRAL AFRICAN REPUBLIC,Total,,Thousands,11.0,10.0,2.9000000000000004,5.7,8.1,12.0,13.7,17.1,30.6,52.4,53.8,65.4,70.8,83.5,95.6,120.5,81.9,106.7,109.30000000000001,87.30000000000001,34.6,,
CENTRAL AFRICAN REPUBLIC,Personal,,Thousands,6.0,6.0,1.3,4.0,5.6,7.8,8.1,11.2,16.700000000000003,26.9,24.0,28.4,32.0,48.9,55.5,76.6,40.5,55.5,55.900000000000006,47.1,33.4,,
CENTRAL AFRICAN REPUBLIC,Business and professional,,Thousands,5.0,4.0,1.6,1.7,2.5,4.2,5.6,5.9,13.9,25.5,29.8,37.0,38.8,34.6,40.1,43.9,41.4,51.2,53.4,40.2,1.2,,
CHAD,Total,,Thousands,,,,,,,46.0,77.0,60.6,70.0,71.0,77.0,86.0,,,,,,,,10.399999999999999,33.099999999999994,
CHAD,Personal,,Thousands,,,,,,,22.0,54.0,38.2,58.0,49.0,65.0,57.0,,,,,,,,7.1,15.7,
CHAD,Business and professional,,Thousands,,,,,,,24.0,23.0,22.4,12.0,22.0,12.0,29.0,,,,,,,,3.3,17.4,
CHILE,Total,,Thousands,1742.0,1760.0,1491.0,1672.0,1825.0,2069.0,2273.0,2534.0,2710.0,2760.0,2801.0,3137.2000000000003,3554.3,3576.0,3674.3,4478.0,5641.0,6449.9,5722.9,4518.0,1119.1,,2030.3999999999999
CHILE,Personal,,Thousands,1494.0,1553.0,1296.0,1462.0,1585.0,1719.0,1795.0,2075.0,2142.0,2026.0,2032.0,2434.8,2903.5,2952.0,3008.6,3786.0,4827.0,5813.9,5168.5,4030.3999999999996,1024.0,,1809.3
CHILE,Business and professional,,Thousands,248.0,207.0,195.0,210.0,240.0,350.0,478.0,459.0,568.0,734.0,769.0,702.4,650.8,624.0,665.7,692.0,814.0,636.0,554.4,487.6,95.1,,221.1
CHINA,Total,,Thousands,,,13439.0,11403.0,16932.0,20255.0,22210.0,26110.0,24326.0,21938.0,26127.0,27111.0,27191.0,26290.0,26361.0,25985.0,31483.9,42943.0,47951.100000000006,49113.5,,,
CHINA,Personal,,Thousands,,,10219.0,8501.0,13071.0,15657.0,16662.0,19149.0,18648.0,16701.0,19930.0,20785.0,20911.0,20096.0,20965.0,20608.0,25686.5,37246.2,41804.100000000006,42828.8,,,
CHINA,Business and professional,,Thousands,,,3220.0,2902.0,3861.0,4598.0,5548.0,6961.0,5678.0,5237.0,6197.0,6326.0,6280.0,6194.0,5396.0,5377.0,5797.4,5696.8,6147.0,6284.7,,,
COLOMBIA,Total,,Thousands,558.0,615.0,567.0,625.0,791.0,933.0,,,,,1217.0,1470.8000000000002,1365.4,1487.1,1695.0,1984.7,2241.0,2465.8999999999996,2709.1,2814.0,902.78,1398.0,3304.5
COLOMBIA,Personal,,Thousands,490.0,559.0,432.0,460.0,574.0,667.0,,,,,1058.7,1263.8000000000002,1125.7,1185.6,1265.9,1546.5,1802.8,2017.6999999999998,2250.0,2353.7,814.3,1306.1,3097.3
COLOMBIA,Business and professional,,Thousands,68.0,56.0,135.0,165.0,217.0,266.0,,,,,158.3,207.0,239.7,301.5,429.1,438.2,438.2,448.2,459.1,460.3,88.48,91.9,207.2
COMOROS,Total,,Thousands,24.0,19.3,18.9,20.5,23.3,25.9,28.5,15.200000000000001,14.8,11.3,15.3,18.8,22.700000000000003,21.900000000000002,22.799999999999997,23.599999999999998,26.799999999999997,28.000000000000004,35.9,45.1,6.97,28.799999999999997,
COMOROS,Personal,,Thousands,22.0,16.3,14.6,16.4,19.0,21.0,23.1,10.8,10.6,8.3,12.0,15.3,17.1,18.6,17.7,17.9,21.7,21.200000000000003,25.5,37.0,5.47,24.9,
COMOROS,Business and professional,,Thousands,2.0,3.0,4.3,4.1,4.3,4.9,5.4,4.4,4.2,3.0,3.3,3.5,5.6,3.3,5.1,5.7,5.1,6.8,10.4,8.1,1.5,3.9,
CONGO,Total,,Thousands,,,,,,,,,,,198.89999999999998,224.0,259.0,345.40000000000003,229.0,224.3,212.8,150.6,158.10000000000002,,,,
CONGO,Personal,,Thousands,,,,,,,,,,,126.8,148.0,159.0,221.10000000000002,171.0,167.9,163.10000000000002,107.69999999999999,84.9,,,,
CONGO,Business and professional,,Thousands,,,,,,,,,,,72.1,76.0,100.0,124.3,58.0,56.4,49.7,42.9,73.2,,,,
"CONGO, DEMOCRATIC REPUBLIC OF THE",Total,,Thousands,103.0,54.0,28.0,35.0,36.0,61.0,55.0,47.0,50.0,53.0,81.0,186.0,167.0,191.3,333.6,353.7,351.3,,,,,,
"CONGO, DEMOCRATIC REPUBLIC OF THE",Personal,,Thousands,93.0,49.0,25.0,14.0,14.0,19.0,20.0,21.0,18.0,19.0,46.0,67.0,91.0,107.1,194.8,206.89999999999998,205.5,,,,,,
"CONGO, DEMOCRATIC REPUBLIC OF THE",Business and professional,,Thousands,10.0,5.0,3.0,21.0,22.0,42.0,35.0,26.0,32.0,34.0,35.0,119.0,76.0,84.2,138.8,146.8,145.8,,,,,,
COOK ISLANDS,Total,,Thousands,73.0,75.0,73.0,78.0,83.0,88.0,92.0,97.0,95.0,101.0,104.0,113.0,122.0,121.0,121.6,125.1,146.4,161.39999999999998,168.79999999999998,171.6,25.2,26.4,113.50000000000001
COOK ISLANDS,Personal,,Thousands,70.0,72.0,69.0,74.0,79.0,85.0,89.0,93.0,91.0,98.0,101.0,110.0,118.0,117.0,117.39999999999999,120.8,141.3,155.79999999999998,162.89999999999998,165.6,24.599999999999998,26.0,111.60000000000001
COOK ISLANDS,Business and professional,,Thousands,3.0,3.0,4.0,4.0,4.0,3.0,3.0,4.0,4.0,3.0,3.0,3.0,4.0,4.0,4.2,4.3,5.1,5.6,5.9,6.0,0.6,0.4,1.9
COSTA RICA,Total,,Thousands,1088.0,1131.0,1113.0,1238.0,1453.0,1679.0,1725.4,1979.6,2089.4,1923.3999999999999,2100.4,2192.0,2342.6,2427.7,2526.7,2660.0,2925.1,2959.8999999999996,3016.7,3139.0,,1347.1,2349.5
COSTA RICA,Personal,,Thousands,829.0,921.0,849.0,966.0,1203.0,1407.0,1427.7,1651.1,1646.0,1701.6,1829.3,1890.0,2036.6,2140.7,2179.7,2241.0,2630.5,2715.2999999999997,2731.2999999999997,2977.8,,1294.1,2249.5
COSTA RICA,Business and professional,,Thousands,259.0,210.0,264.0,272.0,250.0,272.0,297.7,328.5,443.4,221.8,271.1,302.0,306.0,287.0,347.0,419.0,294.6,244.6,285.4,161.2,,53.0,100.0
COTE D´IVOIRE,Total,,Thousands,,,,,,,,,,,252.0,270.0,289.2,380.0,471.0,1441.0,1583.0,1800.1999999999998,1964.7,2070.2,668.2,575.8,
COTE D´IVOIRE,Personal,,Thousands,,,,,,,,,,,151.0,163.0,173.6,228.0,273.2,836.0,1013.0,1026.1,1123.0,1184.5,382.0,329.1,
COTE D´IVOIRE,Business and professional,,Thousands,,,,,,,,,,,101.0,107.0,115.6,152.0,197.8,605.0,570.0,774.1,841.7,885.7,286.2,246.7,
CROATIA,Total,,Thousands,,,,,,,,,,,,,,,,,,,,,,,
CROATIA,Personal,,Thousands,,,,,,,,,,,,,,,,,,,,,,,
CROATIA,Business and professional,,Thousands,,,,,,,,,,,,,,,,,,,,,,,
CUBA,Total,,Thousands,1741.0,1736.0,1656.0,1847.0,2017.0,2261.0,2150.0,2119.0,2316.0,2405.0,2507.0,2688.0,2823.2,2838.6,2980.5,3506.1,3975.3,4593.9,4683.6,4263.1,1084.8,356.3,1613.4
CUBA,Personal,,Thousands,1729.0,1723.0,1643.0,1835.0,2006.0,2249.0,2137.0,2107.0,2304.0,2393.0,2495.0,2672.0,2806.2,2823.6,2966.3,3487.5,3952.1000000000004,4562.5,4668.900000000001,4238.3,1079.7,351.7,1601.2
CUBA,Business and professional,,Thousands,12.0,13.0,13.0,12.0,11.0,12.0,13.0,12.0,12.0,12.0,12.0,16.0,17.0,15.0,14.2,18.6,23.2,31.4,14.7,24.8,5.1,4.6,12.2
CURAÇAO,Total,,Thousands,190.6,201.8,215.0,219.0,223.0,222.0,233.0,299.0,407.99,367.0,342.0,390.0,420.0,440.7,451.9,467.49999999999994,441.3,398.90000000000003,431.79999999999995,463.65999999999997,174.9,264.9,489.6
CURAÇAO,Personal,,Thousands,152.1,162.70000000000002,184.0,195.0,202.0,207.0,218.0,287.0,384.79,333.0,304.0,360.0,394.0,409.3,417.5,436.59999999999997,415.2,369.20000000000005,408.9,443.2,170.0,250.4,468.3
CURAÇAO,Business and professional,,Thousands,38.5,39.1,31.0,24.0,21.0,15.0,15.0,12.0,23.2,34.0,38.0,30.0,26.0,31.4,34.4,30.9,26.1,29.7,22.9,20.46,4.9,14.5,21.3
CYPRUS,Total,,Thousands,2686.0,2697.0,2418.0,2303.0,2349.0,2470.0,2401.0,2416.0,2404.0,2141.0,2173.0,2392.0,2370.0,2363.0,2441.0,2659.0,3186.6000000000004,3651.9999999999995,3938.6,3976.8,631.5,,
CYPRUS,Personal,,Thousands,2541.0,2568.0,2287.0,2176.0,2210.0,2327.0,2250.0,2241.0,2239.0,1984.0,2023.0,2231.0,2245.0,2263.0,2326.0,2522.0,3009.8,3438.8999999999996,3700.9,3728.3,557.5,,
CYPRUS,Business and professional,,Thousands,145.0,129.0,131.0,127.0,139.0,143.0,151.0,175.0,165.0,157.0,150.0,161.0,125.0,100.0,115.0,137.0,176.8,213.1,237.7,248.5,74.0,,
CZECH REPUBLIC (CZECHIA),Total,,Thousands,,,,,,,,,,,,,,,,,,,,,,,
CZECH REPUBLIC (CZECHIA),Personal,,Thousands,,,,,,,,,,,,,,,,,,,,,,,
CZECH REPUBLIC (CZECHIA),Business and professional,,Thousands,,,,,,,,,,,,,,,,,,,,,,,
DENMARK,Total,,Thousands,,,,,22054.0,26927.0,26936.0,27138.0,26870.0,26571.0,26730.0,25812.0,26403.0,26516.0,28070.0,28209.0,28692.0,30736.0,30800.600000000002,32065.0,16031.0,18371.8,31530.0
DENMARK,Personal,,Thousands,,,,,21070.0,25692.0,25718.0,25963.0,25713.0,25536.0,25631.0,25078.0,25632.0,25727.0,26966.0,27038.0,27568.0,29265.0,29265.4,30539.0,15658.0,17888.8,30287.0
DENMARK,Business and professional,,Thousands,,,,,984.0,1235.0,1218.0,1175.0,1157.0,1035.0,1099.0,734.0,771.0,789.0,1104.0,1171.0,1124.0,1471.0,1535.2,1526.0,373.0,483.0,1243.0
DJIBOUTI,Total,,Thousands,,,,,,,,,,,,,,,,,,132.7,142.0,167.5,74.8,114.1,144.89999999999998
DJIBOUTI,Personal,,Thousands,,,,,,,,,,,,,,,,,,71.9,78.1,95.1,33.3,59.5,76.8
DJIBOUTI,Business and professional,,Thousands,,,,,,,,,,,,,,,,,,60.8,63.9,72.4,41.5,54.6,68.1
DOMINICA,Total,,Thousands,69.0,66.3,69.3,73.3,80.5,79.5,84.5,81.5,80.9,74.5,76.5,75.60000000000001,79.0,78.30000000000001,81.5,74.5,78.4,72.2,62.900000000000006,89.5,21.8,15.0,61.099999999999994
DOMINICA,Personal,,Thousands,57.0,54.3,56.3,60.3,66.5,66.5,70.5,71.5,65.9,60.5,62.3,61.7,65.6,65.60000000000001,67.8,61.5,65.2,59.8,51.1,80.2,19.1,11.8,55.199999999999996
DOMINICA,Business and professional,,Thousands,12.0,12.0,13.0,13.0,14.0,13.0,14.0,10.0,15.0,14.0,14.2,13.9,13.4,12.7,13.7,13.0,13.2,12.4,11.8,9.3,2.7,3.2,5.9
DOMINICAN REPUBLIC,Total,,Thousands,2972.0,2869.0,2793.0,3282.0,3450.0,3691.0,3965.0,3980.0,3980.0,3992.0,4125.0,4306.0,4563.0,4689.9,5141.0,5599.900000000001,5959.3,6187.5,6568.8,6446.0,2405.2999999999997,4994.3,7163.299999999999
DOMINICAN REPUBLIC,Personal,,Thousands,2855.0,2784.0,2706.0,3186.0,3356.0,3563.0,3822.0,3821.0,3839.0,3851.0,3959.0,4147.0,4413.0,4535.4,5007.0,5484.8,5843.5,6080.5,6433.5,6323.5,2325.2,4880.7,6913.799999999999
DOMINICAN REPUBLIC,Business and professional,,Thousands,117.0,85.0,87.0,96.0,94.0,128.0,143.0,159.0,141.0,141.0,166.0,159.0,150.0,154.5,134.0,115.1,115.8,107.0,135.3,122.5,80.1,113.6,249.5
ECUADOR,Total,,Thousands,,,,,,,,,,,1047.0,1140.9,1272.0,1364.0,1695.0,1676.0,1569.0,1805.5000000000002,2535.2,2107.6,507.40000000000003,669.4,1265.0
ECUADOR,Personal,,Thousands,,,,,,,,,,,788.0,858.4,1016.0,1195.0,1626.0,1610.0,1456.0,1564.6000000000001,2257.5,1796.4,386.90000000000003,453.4,1124.0
ECUADOR,Business and professional,,Thousands,,,,,,,,,,,259.0,282.5,256.0,169.0,69.0,66.0,113.0,240.9,277.7,311.2,120.5,216.0,141.0
EGYPT,Total,,Thousands,5116.0,4357.0,4906.0,5746.0,7795.0,8244.0,8646.0,10610.0,12296.0,11914.0,14050.0,9497.0,11196.0,9174.0,9627.8,9139.0,5257.8,8156.599999999999,11196.0,12875.6,,,
EGYPT,Personal,,Thousands,4999.0,4271.0,4811.0,5607.0,7613.0,8062.0,8504.0,10515.0,12185.0,11735.0,13924.0,9411.0,11095.0,9025.0,9483.8,9057.0,5210.5,8083.2,11095.2,12759.6,,,
EGYPT,Business and professional,,Thousands,117.0,86.0,95.0,139.0,182.0,182.0,142.0,95.0,111.0,179.0,126.0,86.0,101.0,149.0,144.0,82.0,47.3,73.4,100.8,116.0,,,
EL SALVADOR,Total,,Thousands,794.0,735.0,798.0,720.0,951.0,1127.0,1278.0,1339.0,1385.0,1091.0,1150.0,1184.0,1255.0,1282.7,1345.2,1401.6000000000001,1433.6,1556.1000000000001,1677.3,1765.6000000000001,549.0,1218.9,1891.2
EL SALVADOR,Personal,,Thousands,490.0,494.0,794.0,564.0,742.0,863.0,937.0,996.0,968.0,923.0,985.0,1041.0,1100.0,1136.4,1187.5,1236.4,1231.1999999999998,1419.4,1524.5,1653.4,516.0,1171.4,1790.2
EL SALVADOR,Business and professional,,Thousands,304.0,241.0,4.0,156.0,209.0,264.0,341.0,343.0,417.0,168.0,165.0,143.0,155.0,146.3,157.7,165.2,202.4,136.7,152.8,112.2,33.0,47.5,101.0
EQUATORIAL GUINEA,Total,,Thousands,,,,,,,,,,,,,,,,,,,,,,,
EQUATORIAL GUINEA,Personal,,Thousands,,,,,,,,,,,,,,,,,,,,,,,
EQUATORIAL GUINEA,Business and professional,,Thousands,,,,,,,,,,,,,,,,,,,,,,,
ERITREA,Total,,Thousands,70.0,113.0,101.0,80.0,87.0,84.0,78.0,81.0,70.0,79.0,84.0,107.0,129.0,141.0,119.0,114.0,142.0,,,,,,
ERITREA,Personal,,Thousands,49.0,91.0,80.0,64.0,74.0,71.0,66.0,71.0,62.0,72.0,77.0,100.0,123.0,137.0,116.0,114.0,136.0,,,,,,
ERITREA,Business and professional,,Thousands,21.0,22.0,21.0,16.0,13.0,13.0,12.0,10.0,8.0,7.0,7.0,7.0,6.0,4.0,3.0,,6.0,,,,,,
ESTONIA,Total,,Thousands,3310.0,3230.0,,,,,,,,,,,,,,,,,,,,,
ESTONIA,Personal,,Thousands,2549.0,2470.0,,,,,,,,,,,,,,,,,,,,,
ESTONIA,Business and professional,,Thousands,761.0,760.0,,,,,,,,,,,,,,,,,,,,,
ESWATINI,Total,,Thousands,281.0,283.0,256.0,461.0,459.0,1182.0,1200.0,1230.0,1186.0,1344.0,1343.0,1328.0,1279.0,1299.0,1325.0,1255.8999999999999,1278.6999999999998,1342.6,1277.1999999999998,1225.0,345.4,210.7,502.5
ESWATINI,Personal,,Thousands,204.0,190.0,147.0,339.0,338.0,1014.0,1026.0,1065.0,1035.0,1193.0,1214.0,1193.0,1151.0,1169.0,1170.0,1045.6,1097.1999999999998,1152.1,1097.6,1040.0,296.0,139.7,417.1
ESWATINI,Business and professional,,Thousands,77.0,93.0,109.0,122.0,121.0,168.0,174.0,165.0,151.0,151.0,129.0,135.0,128.0,130.0,155.0,210.3,181.5,190.5,179.6,185.0,49.4,71.0,85.4
ETHIOPIA,Total,,Thousands,109.0,116.0,156.0,179.0,184.0,227.0,290.0,312.0,330.0,427.0,468.0,523.0,596.0,681.3000000000001,770.3,863.8,870.6,933.3,849.1999999999999,811.6,,518.1,896.6
ETHIOPIA,Personal,,Thousands,74.0,84.0,113.0,131.0,138.0,165.0,192.0,251.0,265.0,308.0,354.0,382.0,408.0,492.70000000000005,556.5999999999999,622.8,716.2,861.5,652.8,635.0,,495.4,863.1
ETHIOPIA,Business and professional,,Thousands,35.0,32.0,43.0,48.0,46.0,62.0,98.0,61.0,65.0,119.0,114.0,141.0,188.0,188.6,213.7,241.0,154.4,71.8,196.4,176.6,,22.7,33.5
FIJI,Total,,Thousands,294.0,347.0,398.0,431.0,504.0,545.0,549.0,540.0,585.0,542.0,632.0,675.0,660.0,658.8000000000001,692.6,754.8000000000001,792.3,842.9000000000001,870.3,894.3000000000001,146.89999999999998,31.599999999999998,636.3
FIJI,Personal,,Thousands,272.0,323.0,367.0,398.0,465.0,502.0,503.0,504.0,540.0,500.0,587.0,627.0,619.0,625.7,655.5,710.6,737.9,786.4000000000001,818.0,837.4000000000001,136.7,29.4,616.4
FIJI,Business and professional,,Thousands,22.0,24.0,31.0,33.0,39.0,43.0,46.0,36.0,45.0,42.0,45.0,48.0,41.0,33.1,37.1,44.2,54.4,56.5,52.3,56.9,10.2,2.2,19.9
FINLAND,Total,,Thousands,3789.0,4252.0,4687.0,4527.0,4854.0,5038.0,5345.0,5736.0,6072.0,5695.0,6182.0,7260.0,7636.0,,,,,,,,,,
FINLAND,Personal,,Thousands,2527.0,2931.0,3414.0,3270.0,3540.0,3558.0,3738.0,4040.0,4284.0,4244.0,4701.0,5604.0,5860.0,,,,,,,,,,
FINLAND,Business and professional,,Thousands,1262.0,1321.0,1273.0,1257.0,1314.0,1480.0,1607.0,1696.0,1788.0,1451.0,1481.0,1656.0,1776.0,,,,,,,,,,
FRANCE,Total,,Thousands,,75202.0,,,74435.0,74988.0,77916.0,80853.0,79218.0,76764.0,76647.0,80498.59999999999,81979.7,83633.70000000001,83701.0,84452.0,82683.0,86758.0,89322.0,90913.98,,,
FRANCE,Personal,,Thousands,,65336.0,,,63578.0,66627.0,69876.0,72570.0,68107.0,66530.0,66944.1,69378.2,71800.8,73455.1,71928.5,72605.0,71020.0,74916.0,78258.0,79652.78,,,
FRANCE,Business and professional,,Thousands,,9866.0,,,10857.0,8361.0,8040.0,8283.0,11111.0,10234.0,9702.9,11120.4,10178.9,10178.6,11772.5,11847.0,11663.0,11842.0,11064.0,11261.2,,,
FRENCH GUIANA,Total,,Thousands,,65.0,65.0,,,95.0,,109.0,,83.0,,,,,,86.7,95.5,110.8,,,,,
FRENCH GUIANA,Personal,,Thousands,,35.0,41.0,,,47.0,,42.0,,46.0,,,,,,52.0,57.3,66.5,,,,,
FRENCH GUIANA,Business and professional,,Thousands,,30.0,24.0,,,48.0,,67.0,,37.0,,,,,,34.7,38.2,44.3,,,,,
FRENCH POLYNESIA,Total,,Thousands,,228.0,189.0,213.0,212.0,208.0,222.0,218.0,196.0,160.0,154.0,163.0,169.0,164.0,180.6,183.9,192.5,199.0,216.29999999999998,236.60000000000002,77.1,82.60000000000001,218.70000000000002
FRENCH POLYNESIA,Personal,,Thousands,,218.0,177.0,199.0,199.0,195.0,208.0,206.0,181.0,147.0,142.0,151.0,157.0,153.0,167.1,171.20000000000002,174.5,186.0,204.29999999999998,222.3,71.6,76.2,206.70000000000002
FRENCH POLYNESIA,Business and professional,,Thousands,,10.0,12.0,14.0,13.0,13.0,14.0,12.0,15.0,13.0,12.0,12.0,12.0,11.0,13.5,12.7,18.0,13.0,12.0,14.3,5.5,6.4,12.0
GABON,Total,,Thousands,,,,,,,,,,,,,,,,,,,,,,,
GABON,Personal,,Thousands,,,,,,,,,,,,,,,,,,,,,,,
GABON,Business and professional,,Thousands,,,,,,,,,,,,,,,,,,,,,,,
GAMBIA,Total,,Thousands,79.0,57.0,81.0,89.0,90.0,108.0,125.0,142.0,147.0,142.0,91.0,106.0,,,,134.60000000000002,161.09999999999997,162.0,209.10000000000002,235.7,,102.4,182.79999999999998
GAMBIA,Personal,,Thousands,79.0,57.0,81.0,89.0,89.0,103.0,122.0,140.0,139.0,101.0,70.0,85.0,,,,133.3,159.89999999999998,156.4,199.70000000000002,231.7,,96.0,164.2
GAMBIA,Business and professional,,Thousands,,,,,1.0,5.0,3.0,2.0,8.0,41.0,21.0,21.0,,,,1.3,1.2,5.6,9.4,4.0,,6.4,18.6
GEORGIA,Total,,Thousands,,,,,,,,,,,,,,,,5255.999999999999,5392.7,6482.9,7203.3,7725.8,,,4704.0
GEORGIA,Personal,,Thousands,,,,,,,,,,,,,,,,4722.299999999999,4847.2,5950.799999999999,6579.5,6894.3,,,4392.2
GEORGIA,Business and professional,,Thousands,,,,,,,,,,,,,,,,533.7,545.5,532.1,623.8,831.5,,,311.8
GERMANY,Total,,Thousands,,,,,,,,,,,,,,,,,,,,,,,
GERMANY,Personal,,Thousands,,,,,,,,,,,,,,,,,,,,,,,
GERMANY,Business and professional,,Thousands,,,,,,,,,,,,,,,,,,,,,,,
GHANA,Total,,Thousands,399.0,439.0,483.0,531.0,584.0,428.0,497.0,587.0,698.0,803.0,,,,,,,932.5999999999999,969.1,956.4,1130.4,355.1,623.5,
GHANA,Personal,,Thousands,254.0,279.0,307.0,338.0,371.0,270.0,308.0,329.0,419.0,482.0,,,,,,,446.7,283.9,331.9,508.7,158.7,346.70000000000005,
GHANA,Business and professional,,Thousands,145.0,160.0,176.0,193.0,213.0,158.0,189.0,258.0,279.0,321.0,,,,,,,485.9,685.2,624.5,621.7,196.4,276.8,
GREECE,Total,,Thousands,,,,,,,,,,,,,,,,,,,,,,,
GREECE,Personal,,Thousands,,,,,,,,,,,,,,,,,,,,,,,
GREECE,Business and professional,,Thousands,,,,,,,,,,,,,,,,,,,,,,,
GRENADA,Total,,Thousands,83.0,116.0,132.0,143.0,134.0,98.0,119.0,130.0,130.0,114.0,110.0,118.0,105.3,106.0,125.20000000000002,132.5,135.4,146.4,161.0,162.9,43.8,42.0,132.8
GRENADA,Personal,,Thousands,71.0,104.0,113.0,121.0,103.0,79.0,100.0,104.0,104.0,95.0,89.0,98.0,95.5,98.7,113.30000000000001,121.10000000000001,120.6,134.4,149.7,152.1,40.8,39.1,124.9
GRENADA,Business and professional,,Thousands,12.0,12.0,19.0,22.0,31.0,19.0,19.0,26.0,26.0,19.0,21.0,20.0,9.8,7.3,11.9,11.4,14.8,12.0,11.3,10.8,3.0,2.9,7.9
GUADELOUPE,Total,,Thousands,,,,,,,,,,,392.0,418.0,,646.0,486.0,512.0,,,,,,,
GUADELOUPE,Personal,,Thousands,,,,,,,,,,,369.0,393.0,,622.0,408.0,435.0,,,,,,,
GUADELOUPE,Business and professional,,Thousands,,,,,,,,,,,23.0,25.0,,24.0,78.0,77.0,,,,,,,
GUAM,Total,,Thousands,1269.0,1332.0,1023.0,851.0,1121.0,1185.0,1184.0,1181.0,1092.0,1044.0,1188.0,1150.0,1299.0,1329.0,1331.0,1382.8,1517.4,1544.0000000000002,1532.3999999999999,1655.6000000000001,273.90000000000003,61.800000000000004,275.9
GUAM,Personal,,Thousands,1249.0,1314.0,1006.0,834.0,1090.0,1148.0,1149.0,1145.0,1061.0,1007.0,1146.0,1111.0,1255.0,1287.0,1286.0,1340.8,1464.0,1474.3000000000002,1485.6,1604.4,264.1,56.7,261.9
GUAM,Business and professional,,Thousands,20.0,18.0,17.0,17.0,31.0,37.0,35.0,36.0,31.0,37.0,42.0,39.0,44.0,42.0,45.0,42.0,53.4,69.7,46.8,51.2,9.8,5.1,14.0
GUATEMALA,Total,,Thousands,,,,,,,1502.0,1627.0,1715.0,1310.8,1383.6,1434.2999999999997,1491.3000000000002,1515.6000000000001,1738.9,1865.2000000000003,1906.2,2113.2,2405.9,2559.6,594.0,665.9999999999999,1844.8000000000002
GUATEMALA,Personal,,Thousands,,,,,,,1187.0,1285.0,1320.0,1065.5,1101.3,1151.1999999999998,1196.4,1216.9,1401.8,1469.8000000000002,1669.3,1811.5,2067.1,2203.2,509.29999999999995,531.5999999999999,1534.2
GUATEMALA,Business and professional,,Thousands,,,,,,,315.0,342.0,395.0,245.3,282.3,283.1,294.9,298.7,337.1,395.4,236.9,301.7,338.8,356.4,84.7,134.4,310.6
GUINEA,Total,,Thousands,32.0,37.0,42.0,44.0,45.0,45.0,46.0,30.0,23.7,,12.4,131.1,96.1,56.1,33.2,35.3,63.0,99.3,,,,,
GUINEA,Personal,,Thousands,16.0,19.0,22.0,24.0,26.0,25.0,26.0,18.0,14.0,,5.5,76.3,57.699999999999996,27.5,17.6,17.1,30.0,47.3,,,,,
GUINEA,Business and professional,,Thousands,16.0,18.0,20.0,20.0,19.0,20.0,20.0,12.0,9.7,,6.9,54.8,38.4,28.6,15.6,18.2,33.0,52.0,,,,,
GUINEA-BISSAU,Total,,Thousands,,7.7,,,,5.0,11.600000000000001,,,,,,,,,,,,,,,,
GUINEA-BISSAU,Personal,,Thousands,,4.5,,,,3.2,7.2,,,,,,,,,,,,,,,,
GUINEA-BISSAU,Business and professional,,Thousands,,3.2,,,,1.8,4.4,,,,,,,,,,,,,,,,
GUYANA,Total,,Thousands,,,,,,,,,,,151.9,156.89999999999998,176.7,200.1,205.79999999999998,206.9,235.3,247.3,286.8,314.70000000000005,86.60000000000001,158.39999999999998,288.3
GUYANA,Personal,,Thousands,,,,,,,,,,,132.3,138.2,158.5,179.4,182.6,179.8,205.3,215.8,251.2,268.1,70.9,131.2,235.5
GUYANA,Business and professional,,Thousands,,,,,,,,,,,19.6,18.7,18.2,20.7,23.2,27.1,30.0,31.5,35.6,46.6,15.7,27.2,52.8
HAITI,Total,,Thousands,,,,136.0,96.0,112.0,108.0,386.0,258.0,387.0,255.0,348.0,,419.79999999999995,465.2,515.8,444.9,467.1,447.4,286.09999999999997,202.7,148.4,
HAITI,Personal,,Thousands,,,,118.0,82.0,90.0,86.0,309.0,238.0,326.0,211.0,303.0,,366.79999999999995,413.9,462.8,403.4,427.70000000000005,416.9,269.4,192.7,139.1,
HAITI,Business and professional,,Thousands,,,,18.0,14.0,22.0,22.0,77.0,20.0,61.0,44.0,45.0,,53.0,51.3,53.0,41.5,39.4,30.5,16.7,10.0,9.3,
HONDURAS,Total,,Thousands,471.0,518.0,549.0,611.0,641.0,673.0,739.0,804.0,869.0,836.0,862.0,871.0,895.0,862.0,868.0,880.1999999999999,837.5999999999999,850.0999999999999,846.8,724.3,204.2,459.2,844.4
HONDURAS,Personal,,Thousands,402.0,449.0,466.0,518.0,544.0,571.0,603.0,543.0,583.0,547.0,626.0,661.0,647.0,683.0,657.0,696.8,678.3,690.8,703.8,621.5999999999999,184.0,420.5,771.8
HONDURAS,Business and professional,,Thousands,69.0,69.0,83.0,93.0,97.0,102.0,136.0,261.0,286.0,289.0,236.0,210.0,248.0,179.0,211.0,183.4,159.3,159.3,143.0,102.7,20.2,38.7,72.6
"HONG KONG, CHINA",Total,,Thousands,,,,,13655.0,14773.0,15821.0,17154.0,17319.0,16926.0,20085.0,22316.0,23770.0,25661.0,27770.0,26686.100000000002,26552.6,27884.0,29262.7,23752.399999999998,,,
"HONG KONG, CHINA",Personal,,Thousands,,,,,10248.0,11378.0,11959.0,13638.0,13689.0,13855.0,16661.0,18753.0,20186.0,22094.0,23940.0,22690.4,22511.3,23935.0,25326.2,20719.3,,,
"HONG KONG, CHINA",Business and professional,,Thousands,,,,,3407.0,3395.0,3862.0,3516.0,3630.0,3071.0,3424.0,3563.0,3584.0,3567.0,3830.0,3995.7,4041.3,3949.0,3936.5,3033.1,,,
HUNGARY,Total,,Thousands,,,,,33934.0,36173.0,38318.0,39379.0,39554.0,40624.0,39904.0,41304.0,43565.0,43610.0,45984.0,48345.0,52889.0,54961.899999999994,57667.00000000001,61397.0,31640.582,36687.5,46343.3
HUNGARY,Personal,,Thousands,,,,,32365.0,34433.0,36608.0,37755.0,37704.0,39030.0,38269.0,39882.0,42175.0,42283.0,44780.0,47016.0,51585.0,53772.399999999994,56396.600000000006,59755.0,30190.153,34352.1,44309.5
HUNGARY,Business and professional,,Thousands,,,,,1569.0,1740.0,1710.0,1624.0,1850.0,1594.0,1635.0,1422.0,1390.0,1327.0,1204.0,1329.0,1304.0,1189.5,1270.4,1642.0,1450.429,2335.4,2033.8
ICELAND,Total,,Thousands,,,,,,,,,,,,,,,,,,,,,,,
ICELAND,Personal,,Thousands,,,,,,,,,,,,,,,,,,,,,,,
ICELAND,Business and professional,,Thousands,,,,,,,,,,,,,,,,,,,,,,,
INDIA,Total,,Thousands,2153.0,2537.0,2384.0,2726.0,3457.0,3918.0,4448.0,5082.0,5282.0,5168.0,5776.0,6309.0,6578.0,6968.0,7679.0,,8804.4,10035.8,10557.999999999998,10930.3,2744.7999999999997,1527.1,
INDIA,Personal,,Thousands,2043.0,2459.0,2272.0,2538.0,3357.0,3785.0,4360.0,4807.0,3724.0,4267.0,4915.0,4890.0,5098.0,5275.0,6535.0,,7432.7,8670.9,8838.599999999999,9324.599999999999,2424.2,1337.5,
INDIA,Business and professional,,Thousands,110.0,78.0,112.0,188.0,100.0,133.0,88.0,275.0,1558.0,901.0,861.0,1419.0,1480.0,1693.0,1144.0,,1371.7,1364.9,1719.4,1605.7,320.6,189.6,
INDONESIA,Total,,Thousands,5064.0,5154.0,5033.0,4467.0,5321.0,5002.0,4872.0,5505.0,6234.0,6323.0,7003.0,7650.0,8044.0,8802.0,9435.4,10406.8,11519.300000000001,14039.8,15810.300000000001,16107.0,4052.8999999999996,1557.5,5889.0
INDONESIA,Personal,,Thousands,2971.0,2958.0,2977.0,2553.0,3130.0,2939.0,2861.0,3344.0,3801.0,4006.0,4433.0,4904.0,5260.0,5721.0,6272.5,6932.7,7655.700000000001,10972.1,12355.7,12587.6,1501.2,841.0,5294.2
INDONESIA,Business and professional,,Thousands,2093.0,2196.0,2056.0,1914.0,2191.0,2063.0,2011.0,2161.0,2433.0,2317.0,2570.0,2746.0,2784.0,3081.0,3162.9,3474.1,3863.6,3067.7,3454.6,3519.4,2551.7,716.5,594.8
"IRAN, ISLAMIC REPUBLIC OF",Total,,Thousands,,,,,,,,,,,,,,,,,4942.1,,,,,,
"IRAN, ISLAMIC REPUBLIC OF",Personal,,Thousands,,,,,,,,,,,,,,,,,4926.0,,,,,,
"IRAN, ISLAMIC REPUBLIC OF",Business and professional,,Thousands,,,,,,,,,,,,,,,,,16.1,,,,,,
IRAQ,Total,,Thousands,,,,,,,,,,,,,,,,,,,,,,,
IRAQ,Personal,,Thousands,,,,,,,,,,,,,,,,,,,,,,,
IRAQ,Business and professional,,Thousands,,,,,,,,,,,,,,,,,,,,,,,
IRELAND,Total,,Thousands,6646.0,6353.0,6476.0,6764.0,6953.0,7333.0,8002.0,8332.0,8026.0,7189.0,7133.0,7630.0,7551.0,8259.0,8814.0,9527.0,10100.0,10338.0,10926.0,10951.0,,,
IRELAND,Personal,,Thousands,4817.0,5475.0,5638.0,5949.0,6063.0,6423.0,6976.0,7224.0,6819.0,6225.0,6115.0,6548.0,6411.0,7039.0,7513.0,8149.0,8705.0,8937.0,9568.0,9487.0,,,
IRELAND,Business and professional,,Thousands,1829.0,878.0,838.0,815.0,890.0,910.0,1026.0,1108.0,1207.0,964.0,1018.0,1082.0,1140.0,1220.0,1301.0,1378.0,1395.0,1401.0,1358.0,1464.0,,,
ISRAEL,Total,,Thousands,2393.0,1208.0,862.0,1063.0,1505.0,1903.0,1825.0,2067.0,2572.0,2321.0,2803.0,2820.0,2886.0,2961.0,2927.0,2799.0,2900.0,3613.2,4120.900000000001,4551.6,,,
ISRAEL,Personal,,Thousands,2127.0,981.0,698.0,850.0,1219.0,1591.0,1588.0,1840.0,2238.0,1973.0,2455.0,2425.0,2453.0,2606.0,2549.0,2435.0,2575.0,3208.5,3708.8,4101.0,,,
ISRAEL,Business and professional,,Thousands,266.0,227.0,164.0,213.0,286.0,312.0,237.0,227.0,334.0,348.0,348.0,395.0,433.0,355.0,378.0,364.0,325.0,404.7,412.1,450.6,,,
ITALY,Total,,Thousands,62702.0,60960.0,63561.0,63026.0,58479.0,59229.0,66353.0,70270.0,70719.0,71692.0,73225.0,75866.0,76292.0,76762.0,77694.0,81068.0,84924.0,89931.0,93228.5,95398.7,38419.0,40185.7,74316.7
ITALY,Personal,,Thousands,52961.0,51159.0,52931.0,53272.0,49882.0,50039.0,55520.0,58278.0,58327.0,58247.0,59695.0,61958.0,61770.0,62576.0,64058.0,67747.0,70275.0,75394.0,78850.9,80523.5,29763.0,30048.7,61365.4
ITALY,Business and professional,,Thousands,9741.0,9801.0,10630.0,9754.0,8597.0,9190.0,10833.0,11992.0,12392.0,13445.0,13530.0,13908.0,14522.0,14186.0,13636.0,13321.0,14649.0,14537.0,14377.6,14875.2,8656.0,10137.0,12951.3
JAMAICA,Total,,Thousands,1323.0,1276.0,1266.0,1350.0,1415.0,1478.0,1679.0,1701.0,1767.0,1831.0,1922.0,1952.0,1986.0,2008.4,2080.2000000000003,2122.96,2181.7000000000003,2353.0,2472.65,2680.95,880.36,1464.4,2478.4
JAMAICA,Personal,,Thousands,1256.0,1208.0,1193.0,1279.0,1337.0,1394.0,1578.0,1597.0,1658.0,1730.0,1819.0,1846.0,1886.0,1912.0,1983.4,2022.16,2083.3,2260.9,2381.05,2586.95,846.86,1449.9,2427.0
JAMAICA,Business and professional,,Thousands,67.0,68.0,73.0,71.0,78.0,84.0,101.0,104.0,109.0,101.0,103.0,106.0,100.0,96.4,96.8,100.8,98.4,92.1,91.6,94.0,33.5,14.5,51.4
JAPAN,Total,,Thousands,4757.0,4771.0,5239.0,5211.0,6138.0,6728.0,7334.0,8347.0,8351.0,6790.0,8612.0,6219.0,8358.0,10364.0,13413.400000000001,19737.0,24039.7,28691.1,31191.8,31882.0,4115.799999999999,245.8,3832.1000000000004
JAPAN,Personal,,Thousands,3464.0,3535.0,3952.0,3930.0,4755.0,5251.0,5811.0,6771.0,6896.0,5597.0,7217.0,4975.0,6915.0,8899.0,11876.300000000001,18096.0,22337.8,26908.399999999998,29396.6,30124.6,3899.7999999999997,227.5,3409.7000000000003
JAPAN,Business and professional,,Thousands,1293.0,1236.0,1287.0,1281.0,1383.0,1477.0,1523.0,1576.0,1455.0,1193.0,1395.0,1244.0,1443.0,1465.0,1537.1,1641.0,1701.9,1782.7,1795.2,1757.4,216.0,18.3,422.4
JORDAN,Total,,Thousands,,,,,,2987.0,3225.0,3431.0,3729.0,3789.0,4207.0,3960.0,4162.0,3945.0,3989.5,3761.1,3563.6,3839.6,4146.1,4483.8,1066.1,2011.6999999999998,4276.700000000001
JORDAN,Personal,,Thousands,,,,,,2636.0,2863.0,3063.0,3332.0,3389.0,3908.0,3679.0,3866.0,3647.0,3735.0,3493.7999999999997,3110.6,3351.5,3619.0,3913.8,930.6,1756.1999999999998,3733.6000000000004
JORDAN,Business and professional,,Thousands,,,,,,351.0,362.0,368.0,397.0,400.0,299.0,281.0,296.0,298.0,254.5,267.3,453.0,488.1,527.1,570.0,135.5,255.5,543.1
KAZAKHSTAN,Total,,Thousands,,,3678.0,3237.0,4291.0,4365.0,4707.0,5310.0,4117.0,3774.0,4097.0,5685.199999999999,6164.200000000001,6841.0,6332.700000000001,6430.099999999999,6509.4,7701.1,8789.3,8514.9,2034.7,1330.1999999999998,4728.8
KAZAKHSTAN,Personal,,Thousands,,,3032.0,2603.0,3466.0,3472.0,3684.0,4050.0,2923.0,2679.0,2909.0,5445.799999999999,5887.400000000001,5745.400000000001,5153.8,5385.4,5412.5,6514.6,7566.0,7061.5,1291.5,610.4,3790.5
KAZAKHSTAN,Business and professional,,Thousands,,,646.0,634.0,825.0,893.0,1023.0,1260.0,1194.0,1095.0,1188.0,239.4,276.8,1095.6,1178.9,1044.7,1096.9,1186.5,1223.3,1453.4,743.2,719.8,938.3
KENYA,Total,,Thousands,1036.0,994.0,1001.0,1146.0,1361.0,1479.0,1601.0,1817.0,1203.0,1490.0,1609.0,1822.9,1710.8,1519.6,1350.3,1181.0,1339.7,1448.8,,,,870.6,1483.8000000000002
KENYA,Personal,,Thousands,938.0,902.0,915.0,964.0,1115.0,1273.0,1375.0,1575.0,1094.0,1310.0,1343.0,1512.5,1419.8,1260.8,1121.6,1022.0,1159.7,1250.1,,,,621.7,1058.3000000000002
KENYA,Business and professional,,Thousands,98.0,92.0,86.0,182.0,246.0,206.0,226.0,242.0,109.0,180.0,266.0,310.4,291.0,258.8,228.7,159.0,180.0,198.7,,,,248.9,425.5
KIRIBATI,Total,,Thousands,4.8,4.6,3.3,3.9000000000000004,3.4,4.1,2.7,4.8,3.9000000000000004,3.9000000000000004,4.699999999999999,5.3,4.9,5.9,5.0,3.9,5.8,5.7,7.1,7.8999999999999995,1.4,0.06999999999999999,1.77
KIRIBATI,Personal,,Thousands,2.5999999999999996,2.7,1.7,2.3000000000000003,1.7,2.1,1.8,3.4,2.7,2.2,2.4,3.3,3.2,3.6999999999999997,3.0999999999999996,2.5,3.5,3.9,4.2,4.6,0.8999999999999999,0.01,0.651
KIRIBATI,Business and professional,,Thousands,2.2,1.9,1.6,1.6,1.7,2.0,0.9,1.4,1.2,1.7,2.3,2.0,1.7,2.2,1.9,1.4,2.3,1.8,2.9,3.3,0.5,0.06,1.119
"KOREA, DEMOCRATIC PEOPLE´S REPUBLIC OF",Total,,Thousands,,,,,,,,,,,,,,,,,,,,,,,
"KOREA, DEMOCRATIC PEOPLE´S REPUBLIC OF",Personal,,Thousands,,,,,,,,,,,,,,,,,,,,,,,
"KOREA, DEMOCRATIC PEOPLE´S REPUBLIC OF",Business and professional,,Thousands,,,,,,,,,,,,,,,,,,,,,,,
"KOREA, REPUBLIC OF",Total,,Thousands,5321.0,5147.0,5348.0,4752.0,5818.0,6022.0,6155.0,6448.0,6891.0,7818.0,8798.0,9795.0,11140.0,12176.0,14201.599999999999,13231.7,17241.8,13335.8,15346.9,17502.8,2519.2,967.0,3198.0000000000005
"KOREA, REPUBLIC OF",Personal,,Thousands,5118.0,4934.0,5123.0,4521.0,5551.0,5718.0,5807.0,6089.0,6529.0,7506.0,8487.0,9524.0,10895.0,11848.0,13886.3,12988.1,17002.8,13103.8,15110.3,17250.1,2473.1,927.0,3090.1000000000004
"KOREA, REPUBLIC OF",Business and professional,,Thousands,203.0,213.0,225.0,231.0,267.0,304.0,348.0,359.0,362.0,312.0,311.0,271.0,245.0,328.0,315.3,243.6,239.0,232.0,236.6,252.7,46.1,40.0,107.9
KUWAIT,Total,,Thousands,78.9,72.8,96.1,94.19999999999999,90.7,105.0,185.0,292.0,260.0,297.0,207.0,269.0,300.0,306.5,198.0,182.0,203.1,182.8,200.4,152.6,86.4,85.0,
KUWAIT,Personal,,Thousands,42.3,26.2,62.4,76.3,88.4,95.0,169.0,271.0,245.0,283.0,198.0,259.0,289.0,263.4,188.0,130.0,158.1,137.9,156.3,115.6,71.0,64.4,
KUWAIT,Business and professional,,Thousands,36.6,46.6,33.7,17.9,2.3,10.0,16.0,21.0,15.0,14.0,9.0,10.0,11.0,43.1,10.0,52.0,45.0,44.9,44.1,37.0,15.4,20.6,
KYRGYZSTAN,Total,,Thousands,59.0,98.0,,,,,,,,,,,,,,,,,,,,,
KYRGYZSTAN,Personal,,Thousands,34.0,70.0,,,,,,,,,,,,,,,,,,,,,
KYRGYZSTAN,Business and professional,,Thousands,25.0,28.0,,,,,,,,,,,,,,,,,,,,,
LAO PEOPLE´S DEMOCRATIC REPUBLIC,Total,,Thousands,,674.0,,636.0,895.0,1095.0,1215.0,1624.0,1737.0,2008.0,2513.0,2724.0,3330.0,3779.0,4159.0,4684.0,4239.1,3868.8,4186.4,4791.0,,,
LAO PEOPLE´S DEMOCRATIC REPUBLIC,Personal,,Thousands,,594.0,,547.0,841.0,1029.0,996.0,1445.0,1459.0,1707.0,2061.0,2591.0,3081.0,3450.0,3901.0,4408.0,3772.8,3245.9,3696.6,4101.1,,,
LAO PEOPLE´S DEMOCRATIC REPUBLIC,Business and professional,,Thousands,,80.0,,89.0,54.0,66.0,219.0,179.0,278.0,301.0,452.0,133.0,249.0,329.0,258.0,276.0,466.3,622.9,489.8,689.9,,,
LATVIA,Total,,Thousands,1914.0,2039.0,2273.0,2470.0,3033.0,3774.0,4644.0,5209.0,5496.0,4726.0,5042.0,5538.0,5568.900000000001,5821.799999999999,6245.9,6842.0,6796.999999999999,7725.799999999999,7775.2,8342.4,3203.5000000000005,1936.8000000000002,
LATVIA,Personal,,Thousands,1484.0,1605.0,1815.0,2061.0,2567.0,3333.0,4048.0,4485.0,4618.0,4075.0,4335.0,4741.0,4818.8,5106.4,5503.4,6023.0,6088.799999999999,6964.299999999999,7081.2,7631.6,2863.7000000000003,1775.8000000000002,
LATVIA,Business and professional,,Thousands,430.0,434.0,458.0,409.0,466.0,441.0,596.0,724.0,878.0,651.0,707.0,797.0,750.1,715.4,742.5,819.0,708.2,761.5,694.0,710.8,339.8,161.0,
LEBANON,Total,,Thousands,,,,,,,,,,,,,,,,,,,,,,,
LEBANON,Personal,,Thousands,,,,,,,,,,,,,,,,,,,,,,,
LEBANON,Business and professional,,Thousands,,,,,,,,,,,,,,,,,,,,,,,
LESOTHO,Total,,Thousands,301.0,294.0,287.0,329.0,303.0,304.0,,300.0,293.0,344.0,426.0,398.0,423.0,433.0,,,1196.2,,,,,,
LESOTHO,Personal,,Thousands,256.0,250.0,244.0,275.0,246.0,244.0,,254.0,254.0,304.0,374.0,347.0,373.0,387.0,,,908.6,,,,,,
LESOTHO,Business and professional,,Thousands,45.0,44.0,43.0,54.0,57.0,60.0,,46.0,39.0,40.0,52.0,51.0,50.0,46.0,,,287.6,,,,,,
LIBERIA,Total,,Thousands,,,,,,,,,,,,,,,,,,,,,,,
LIBERIA,Personal,,Thousands,,,,,,,,,,,,,,,,,,,,,,,
LIBERIA,Business and professional,,Thousands,,,,,,,,,,,,,,,,,,,,,,,
LIBYA,Total,,Thousands,174.0,169.0,135.0,142.0,,,,,,,,,,,,,,,,,,,
LIBYA,Personal,,Thousands,124.0,111.0,97.0,102.0,,,,,,,,,,,,,,,,,,,
LIBYA,Business and professional,,Thousands,50.0,58.0,38.0,40.0,,,,,,,,,,,,,,,,,,,
LIECHTENSTEIN,Total,,Thousands,,,,,,,,,,,,,,,,,,,,,,,
LIECHTENSTEIN,Personal,,Thousands,,,,,,,,,,,,,,,,,,,,,,,
LIECHTENSTEIN,Business and professional,,Thousands,,,,,,,,,,,,,,,,,,,,,,,
LITHUANIA,Total,,Thousands,1083.0,1271.0,1428.0,1490.0,1800.0,2000.0,2180.0,1486.0,1611.0,1341.0,1507.0,1775.0,1899.0,2012.0,2063.0,2071.0,2296.0,2523.3,2824.8,2874.9,936.7,947.5999999999999,2168.7000000000003
LITHUANIA,Personal,,Thousands,746.0,999.0,1102.0,1155.0,1392.0,1500.0,1640.0,1062.0,1051.0,856.0,1052.0,1248.0,1352.0,1435.0,1453.0,1455.0,1657.0,1807.1,2036.4,2146.9,724.7,734.8,1587.3000000000002
LITHUANIA,Business and professional,,Thousands,337.0,272.0,326.0,335.0,408.0,500.0,540.0,424.0,560.0,485.0,455.0,527.0,547.0,577.0,610.0,616.0,639.0,716.2,788.4,728.0,212.0,212.8,581.4
LUXEMBOURG,Total,,Thousands,,,,,,,,,,,,870.0,950.0,944.5999999999999,1038.0,1090.0,,,,,,,
LUXEMBOURG,Personal,,Thousands,,,,,,,,,,,,713.0,760.0,744.3,799.0,844.0,,,,,,,
LUXEMBOURG,Business and professional,,Thousands,,,,,,,,,,,,157.0,190.0,200.3,239.0,246.0,,,,,,,
"MACAO, CHINA",Total,,Thousands,,,,,,,,,,,,,,,,,,,,,,,
"MACAO, CHINA",Personal,,Thousands,,,,,,,,,,,,,,,,,,,,,,,
"MACAO, CHINA",Business and professional,,Thousands,,,,,,,,,,,,,,,,,,,,,,,
MADAGASCAR,Total,,Thousands,160.0,170.0,62.0,140.0,229.0,277.0,312.0,344.0,375.0,163.0,196.0,225.0,256.0,196.0,222.3,244.39999999999998,293.2,255.40000000000003,291.3,383.59999999999997,68.3,7.755,
MADAGASCAR,Personal,,Thousands,131.0,129.0,47.0,115.0,158.0,197.0,222.0,245.0,267.0,130.0,161.0,185.0,209.9,159.0,181.8,191.6,234.7,214.60000000000002,257.90000000000003,343.2,65.0,7.173,
MADAGASCAR,Business and professional,,Thousands,29.0,41.0,15.0,25.0,71.0,80.0,90.0,99.0,108.0,33.0,35.0,40.0,46.1,37.0,40.5,52.8,58.5,40.8,33.4,40.4,3.3,0.582,
MALAWI,Total,,Thousands,227.0,266.0,383.0,424.0,427.0,437.0,638.0,734.0,742.0,755.0,746.0,767.0,770.4000000000001,795.0,819.2,804.9000000000001,849.4000000000001,837.3000000000001,871.0999999999999,977.0,198.0,431.0,
MALAWI,Personal,,Thousands,103.0,122.0,177.0,215.0,219.0,210.0,326.0,429.0,370.0,373.0,311.0,307.0,283.6,320.4,240.1,215.8,236.3,264.1,274.8,556.0,39.0,126.0,
MALAWI,Business and professional,,Thousands,124.0,144.0,206.0,209.0,208.0,227.0,312.0,305.0,372.0,382.0,435.0,460.0,486.8,474.6,579.1,589.1,613.1,573.2,596.3,421.0,159.0,305.0,
MALAYSIA,Total,,Thousands,9609.0,12062.0,12644.0,10085.0,14651.0,14644.0,16236.0,20973.0,22052.0,,,,,,,,,,,,,,
MALAYSIA,Personal,,Thousands,8554.0,10530.0,10484.0,8456.0,12483.0,12361.0,13932.0,17986.0,18921.0,,,,,,,,,,,,,,
MALAYSIA,Business and professional,,Thousands,1055.0,1532.0,2160.0,1629.0,2168.0,2283.0,2304.0,2987.0,3131.0,,,,,,,,,,,,,,
MALDIVES,Total,,Thousands,467.0,461.0,485.0,564.0,617.0,395.0,602.0,676.0,683.0,656.0,792.0,931.0,958.0,1125.0,1205.0,1234.0,1286.0,1390.0,1484.0,1703.0,555.0,1322.0,1675.0
MALDIVES,Personal,,Thousands,467.0,461.0,485.0,564.0,617.0,395.0,602.0,676.0,683.0,656.0,792.0,931.0,958.0,1125.0,1205.0,1234.0,1286.0,1390.0,1484.0,1703.0,555.0,1322.0,1675.0
MALDIVES,Business and professional,,Thousands,,,,,,,,,,,,,,,,,,,,,,,
MALI,Total,,Thousands,,,,,,,,,190.0,160.0,169.0,160.0,134.0,142.0,168.0,159.3,173.2,193.29999999999998,,217.1,75.1,168.10000000000002,
MALI,Personal,,Thousands,,,,,,,,,115.7,64.0,107.0,90.0,92.0,93.0,118.5,114.0,163.5,137.7,,155.1,69.3,159.3,
MALI,Business and professional,,Thousands,,,,,,,,,74.3,96.0,62.0,70.0,42.0,49.0,49.5,45.3,9.7,55.6,,62.0,5.8,8.8,
MALTA,Total,,Thousands,,,,1089.0,1128.0,1152.0,1104.0,1244.0,1290.0,1182.0,1339.0,1415.0,1443.0,1582.0,1689.9,1783.4,1965.9999999999998,2273.9,2598.7,2753.2999999999997,658.5000000000001,968.0999999999999,2286.6
MALTA,Personal,,Thousands,,,,1001.0,1041.0,1057.0,1002.0,1145.0,1178.0,1073.0,1221.0,1297.0,1328.0,1464.0,1559.7,1656.5,1829.1999999999998,2093.3,2418.3999999999996,2564.2,608.4000000000001,905.3,2132.4
MALTA,Business and professional,,Thousands,,,,88.0,87.0,95.0,102.0,99.0,112.0,109.0,118.0,118.0,115.0,118.0,130.2,126.9,136.8,180.6,180.3,189.1,50.1,62.8,154.2
MARSHALL ISLANDS,Total,,Thousands,5.2,5.4,6.0,7.2,9.0,9.2,5.8,7.2,6.0,5.300000000000001,4.6,4.6,,,4.9,6.3,5.4,6.0,,,,,
MARSHALL ISLANDS,Personal,,Thousands,2.9000000000000004,3.5,3.8,5.0,6.0,6.1,3.8,4.9,3.9,3.2,2.3,2.5,,,3.6,4.0,3.2,3.4,,,,,
MARSHALL ISLANDS,Business and professional,,Thousands,2.3,1.9,2.2,2.2,3.0,3.1,2.0,2.3,2.1,2.1,2.3,2.1,,,1.3,2.3,2.2,2.6,,,,,
MARTINIQUE,Total,,Thousands,526.0,460.0,447.0,453.0,471.0,484.0,503.0,501.0,481.0,442.0,478.0,496.0,488.0,490.0,489.7,,,535.7,537.4,556.4,312.3,290.9,556.2
MARTINIQUE,Personal,,Thousands,452.0,394.0,403.0,400.0,410.0,405.0,445.0,421.0,409.0,377.0,421.0,456.0,432.0,451.0,433.3,,,454.3,458.3,492.2,265.5,246.7,515.6
MARTINIQUE,Business and professional,,Thousands,74.0,66.0,44.0,53.0,61.0,79.0,58.0,80.0,72.0,65.0,57.0,40.0,56.0,39.0,56.4,,,81.4,79.1,64.2,46.8,44.2,40.6
MAURITANIA,Total,,Thousands,,,,,,,,,,,,,,,,,,,,,,,
MAURITANIA,Personal,,Thousands,,,,,,,,,,,,,,,,,,,,,,,
MAURITANIA,Business and professional,,Thousands,,,,,,,,,,,,,,,,,,,,,,,
MAURITIUS,Total,,Thousands,678.5,674.5,709.4000000000001,721.4000000000001,738.5,781.6,806.6,932.7,970.5,890.0,956.4000000000001,982.6,984.1,1014.6999999999999,1065.1,1173.8,1306.9,1371.3999999999999,1431.0729999999999,1418.25,315.6,180.3,1003.1
MAURITIUS,Personal,,Thousands,651.5,648.0,680.8000000000001,690.2,708.1,751.4,774.1,898.1,933.0,861.0,920.3000000000001,941.9,941.5,971.3,1020.3,1125.5,1256.5,1318.8999999999999,1372.6,1362.25,304.90000000000003,173.5,974.5
MAURITIUS,Business and professional,,Thousands,27.0,26.5,28.6,31.2,30.4,30.2,32.5,34.6,37.5,29.0,36.1,40.7,42.6,43.4,44.8,48.3,50.4,52.5,58.473,56.0,10.7,6.8,28.6
MEXICO,Total,,Thousands,20641.0,19810.0,19666.0,18665.0,20619.0,21915.0,21353.0,21606.0,22930.0,22346.0,23289.0,23403.0,23403.0,24151.0,29346.0,32093.3,35079.0,39291.0,41312.700000000004,45024.399999999994,24283.6,31860.4,38325.49999999999
MEXICO,Personal,,Thousands,20057.0,19201.0,19034.0,18126.0,20033.0,21129.0,20578.0,20742.0,22138.0,21663.0,22480.0,22568.0,22472.0,23087.0,28092.0,30702.3,33451.0,37355.3,39310.3,43133.7,23785.3,31286.800000000003,37183.399999999994
MEXICO,Business and professional,,Thousands,584.0,609.0,632.0,539.0,586.0,786.0,775.0,864.0,792.0,683.0,809.0,835.0,931.0,1064.0,1254.0,1391.0,1628.0,1935.7,2002.4,1890.7,498.3,573.6,1142.1
"MICRONESIA, FEDERATED STATES OF",Total,,Thousands,21.0,15.2,19.1,18.2,19.3,18.9,19.1,21.1,25.700000000000003,47.5,44.699999999999996,35.400000000000006,38.3,42.1,35.4,31.200000000000003,29.599999999999998,,19.2,,,,
"MICRONESIA, FEDERATED STATES OF",Personal,,Thousands,18.0,12.5,15.4,14.4,14.9,14.6,14.600000000000001,15.6,20.6,42.3,38.9,29.200000000000003,32.5,36.4,30.0,25.200000000000003,23.4,,12.2,,,,
"MICRONESIA, FEDERATED STATES OF",Business and professional,,Thousands,3.0,2.7,3.7,3.8,4.4,4.3,4.5,5.5,5.1,5.2,5.8,6.2,5.8,5.7,5.4,6.0,6.2,,7.0,,,,
"MOLDOVA, REPUBLIC OF",Total,,Thousands,,,,,,,,,,,,,,,,,,,,,,,
"MOLDOVA, REPUBLIC OF",Personal,,Thousands,,,,,,,,,,,,,,,,,,,,,,,
"MOLDOVA, REPUBLIC OF",Business and professional,,Thousands,,,,,,,,,,,,,,,,,,,,,,,
MONACO,Total,,Thousands,300.0,270.0,262.0,235.0,251.0,286.0,313.0,328.0,324.0,265.0,279.0,295.0,292.0,328.0,329.0,331.0,335.8,354.9,347.0,363.0,159.3,218.4,327.0
MONACO,Personal,,Thousands,196.0,188.0,183.0,178.0,192.0,219.0,244.0,251.0,251.0,213.0,220.0,235.0,235.0,268.0,272.0,258.0,258.6,267.4,256.8,265.0,135.4,187.8,257.9
MONACO,Business and professional,,Thousands,104.0,82.0,79.0,57.0,59.0,67.0,69.0,77.0,73.0,52.0,59.0,60.0,57.0,60.0,57.0,73.0,77.2,87.5,90.2,98.0,23.9,30.6,69.1
MONGOLIA,Total,,Thousands,154.20000000000002,187.4,228.70000000000002,201.2,300.5,338.8,404.4,451.8,446.4,411.7,456.1,460.4,475.90000000000003,417.79999999999995,392.8,386.3,404.1,469.29999999999995,529.4,577.3000000000001,58.8,33.1,286.30000000000007
MONGOLIA,Personal,,Thousands,136.4,165.9,201.10000000000002,162.5,227.70000000000002,252.8,321.8,348.8,361.0,323.5,336.3,323.0,321.1,280.4,261.3,291.8,324.70000000000005,415.4,475.0,524.6,39.1,22.2,258.70000000000005
MONGOLIA,Business and professional,,Thousands,17.8,21.5,27.6,38.7,72.8,86.0,82.6,103.0,85.4,88.2,119.8,137.4,154.8,137.4,131.5,94.5,79.4,53.9,54.4,52.7,19.7,10.9,27.6
MONTENEGRO,Total,,Thousands,,,,,,,,,,,,,,,,,,,,,,,
MONTENEGRO,Personal,,Thousands,,,,,,,,,,,,,,,,,,,,,,,
MONTENEGRO,Business and professional,,Thousands,,,,,,,,,,,,,,,,,,,,,,,
MONTSERRAT,Total,,Thousands,,9.8,9.8,8.4,10.100000000000001,9.700000000000001,7.999999999999999,7.800000000000001,7.4,6.3,6.0,5.4,7.300000000000001,7.2,8.799999999999999,8.9,8.700000000000001,9.5,10.2,10.399999999999999,4.499999999999999,1.591,
MONTSERRAT,Personal,,Thousands,,8.0,8.3,7.0,8.3,7.800000000000001,6.699999999999999,6.300000000000001,5.5,4.8,4.6,4.0,6.2,6.0,7.699999999999999,7.8,7.4,8.1,9.0,9.399999999999999,4.199999999999999,1.361,
MONTSERRAT,Business and professional,,Thousands,,1.8,1.5,1.4,1.8,1.9,1.3,1.5,1.9,1.5,1.4,1.4,1.1,1.2,1.1,1.1,1.3,1.4,1.2,1.0,0.3,0.23,
MOROCCO,Total,,Thousands,4279.0,4379.0,4453.0,4761.0,5477.0,5843.0,6558.0,,,8341.0,9288.0,9342.0,,10046.2,10282.900000000001,10176.8,10331.800000000001,11349.0,12289.0,12932.3,,,
MOROCCO,Personal,,Thousands,3992.0,4086.0,4347.0,4651.0,5347.0,5700.0,6393.0,,,7882.0,8891.0,9083.0,,9547.0,9765.7,9426.4,9585.6,10086.2,10942.7,11515.5,,,
MOROCCO,Business and professional,,Thousands,287.0,293.0,106.0,110.0,130.0,143.0,165.0,,,459.0,397.0,259.0,,499.2,517.2,750.4,746.2,1262.8,1346.3,1416.8,,,
MOZAMBIQUE,Total,,Thousands,,323.0,541.0,441.0,470.0,578.0,664.0,771.0,1193.0,1461.0,1718.0,1901.0,2112.0,1886.4,1750.5,1634.0,1715.3,1513.6,2869.9,2032.9,958.5999999999999,548.7,
MOZAMBIQUE,Personal,,Thousands,,179.0,331.0,254.0,216.0,303.0,354.0,420.0,979.0,1030.0,1313.0,1283.0,1675.0,1574.7,1486.5,1443.0,1531.0,1351.0,2561.6,1830.5,850.5999999999999,497.2,
MOZAMBIQUE,Business and professional,,Thousands,,144.0,210.0,187.0,254.0,275.0,310.0,351.0,214.0,431.0,405.0,618.0,437.0,311.7,264.0,191.0,184.3,162.6,308.3,202.4,108.0,51.5,
MYANMAR,Total,,Thousands,416.0,475.0,487.0,596.0,657.0,660.0,630.0,716.0,731.0,763.0,792.0,816.0,1059.0,2044.0,3081.3,4681.0,2907.1,3443.1000000000004,3551.3999999999996,4364.099999999999,903.3999999999999,130.89999999999998,233.39999999999998
MYANMAR,Personal,,Thousands,379.0,438.0,450.0,552.0,617.0,624.0,594.0,681.0,692.0,715.0,735.0,733.0,928.0,1873.0,2866.5,4467.9,2662.0,3200.7000000000003,3302.2999999999997,4082.2,829.0999999999999,118.39999999999999,189.1
MYANMAR,Business and professional,,Thousands,37.0,37.0,37.0,44.0,40.0,36.0,36.0,35.0,39.0,48.0,57.0,83.0,131.0,171.0,214.8,213.1,245.1,242.4,249.1,281.9,74.3,12.5,44.3
NAMIBIA,Total,,Thousands,,671.0,757.0,695.0,,778.0,833.0,928.0,,,984.0,1027.0,1078.8999999999999,1176.1,1320.0,1387.8,1469.3,1499.3999999999999,1557.2999999999997,1596.0,169.5,232.7,461.0
NAMIBIA,Personal,,Thousands,,521.0,704.0,597.0,,677.0,731.0,839.0,,,843.0,904.0,930.5999999999999,1029.1,1152.6,1209.1,1245.7,1293.6,1365.6999999999998,1398.9,136.5,166.39999999999998,390.9
NAMIBIA,Business and professional,,Thousands,,150.0,53.0,98.0,,101.0,102.0,89.0,,,141.0,123.0,148.3,147.0,167.4,178.7,223.6,205.8,191.6,197.1,33.0,66.3,70.1
NAURU,Total,,Thousands,,,,,,,,,,,,,,,,,,,,,,,
NAURU,Personal,,Thousands,,,,,,,,,,,,,,,,,,,,,,,
NAURU,Business and professional,,Thousands,,,,,,,,,,,,,,,,,,,,,,,
NEPAL,Total,,Thousands,464.0,361.0,275.0,338.0,385.0,376.0,384.0,526.0,500.0,510.0,603.0,736.0,803.0,798.0,790.0,539.0,752.9,940.2,1173.0,1197.2,230.1,151.0,614.8
NEPAL,Personal,,Thousands,408.0,324.0,240.0,297.0,354.0,337.0,345.0,472.0,427.0,453.0,546.0,683.0,734.0,712.0,720.0,487.6,694.5,940.2,1173.0,1197.2,230.1,151.0,614.8
NEPAL,Business and professional,,Thousands,56.0,37.0,35.0,41.0,31.0,39.0,39.0,54.0,73.0,57.0,57.0,53.0,69.0,86.0,70.0,51.4,58.4,,,,,,
NETHERLANDS,Total,,Thousands,,,,,,,,,,,,,,,,,,,,,,,
NETHERLANDS,Personal,,Thousands,,,,,,,,,,,,,,,,,,,,,,,
NETHERLANDS,Business and professional,,Thousands,,,,,,,,,,,,,,,,,,,,,,,
NEW CALEDONIA,Total,,Thousands,114.0,106.0,110.0,108.0,100.0,101.0,100.0,103.0,104.0,99.0,99.0,112.0,112.0,108.3,107.4,114.0,115.6,120.7,120.30000000000001,130.70000000000002,30.999999999999996,12.4,78.80000000000001
NEW CALEDONIA,Personal,,Thousands,101.0,93.0,95.0,95.0,89.0,89.0,86.0,86.0,84.0,81.0,80.0,92.0,94.0,90.3,92.4,99.0,102.1,106.9,106.4,113.60000000000001,27.299999999999997,10.0,69.4
NEW CALEDONIA,Business and professional,,Thousands,13.0,13.0,15.0,13.0,11.0,12.0,14.0,17.0,20.0,18.0,19.0,20.0,18.0,18.0,15.0,15.0,13.5,13.8,13.9,17.1,3.7,2.4,9.4
NEW ZEALAND,Total,,Thousands,1787.0,1909.0,2045.0,2104.0,2334.0,2366.0,2409.0,2455.0,2447.2,2448.4,2510.5,2593.5,2554.8,2710.0,2854.0,3130.0,3494.2999999999997,3723.2999999999997,3857.7000000000003,3888.4,996.3,206.9,1433.8999999999999
NEW ZEALAND,Personal,,Thousands,1552.0,1662.0,1793.0,1842.0,2031.0,2047.0,2081.0,2125.0,2135.6,2118.4,2147.5,2235.5,2201.8,2342.0,2476.0,2731.0,3072.6,3284.2,3411.3,3389.8,894.5,184.5,1289.8
NEW ZEALAND,Business and professional,,Thousands,235.0,247.0,252.0,262.0,303.0,319.0,328.0,330.0,311.6,330.0,363.0,358.0,353.0,368.0,378.0,399.0,421.7,439.1,446.4,498.6,101.8,22.4,144.1
NICARAGUA,Total,,Thousands,485.0,483.0,472.0,526.0,614.0,712.4000000000001,749.1,800.3,858.0,932.2,1011.2,1060.4,1179.6,1229.4,1329.6,1386.4,1504.4,1787.2,1255.6000000000001,1295.3,384.0,222.39999999999998,817.8999999999999
NICARAGUA,Personal,,Thousands,203.0,185.0,211.0,204.0,438.0,574.2,609.1,656.3,701.0,792.2,875.2,936.4000000000001,954.3,960.1,1043.6,1102.2,1206.5,1371.7,1040.9,1073.8,347.4,198.7,747.5999999999999
NICARAGUA,Business and professional,,Thousands,282.0,298.0,261.0,322.0,176.0,138.2,140.0,144.0,157.0,140.0,136.0,124.0,225.3,269.3,286.0,284.2,297.9,415.5,214.7,221.5,36.6,23.7,70.3
NIGER,Total,,Thousands,50.0,53.0,39.0,55.0,57.0,58.0,60.0,48.0,73.0,66.0,74.0,82.0,94.0,123.3,134.6,134.6,152.4,164.39999999999998,157.1,192.2,85.4,,
NIGER,Personal,,Thousands,23.0,25.0,18.0,26.0,26.0,30.0,29.0,23.0,36.0,32.0,36.0,40.0,46.0,60.699999999999996,67.3,67.3,76.2,82.19999999999999,78.5,96.1,42.7,,
NIGER,Business and professional,,Thousands,27.0,28.0,21.0,29.0,31.0,28.0,31.0,25.0,37.0,34.0,38.0,42.0,48.0,62.6,67.3,67.3,76.2,82.2,78.6,96.1,42.7,,
NIGERIA,Total,,Thousands,813.0,850.0,887.0,924.0,962.0,1010.0,3055.0,5239.0,5820.0,6053.0,6113.0,3765.0,4673.2,4037.7000000000003,4803.200000000001,6017.0,5265.4,,,,,,
NIGERIA,Personal,,Thousands,406.0,424.0,442.0,460.0,479.0,503.0,1528.0,3367.0,3689.0,4011.0,2384.0,1977.0,2340.6,3224.3,3238.3,4311.0,3671.3,,,,,,
NIGERIA,Business and professional,,Thousands,407.0,426.0,445.0,464.0,483.0,507.0,1527.0,1872.0,2131.0,2042.0,3729.0,1788.0,2332.6,813.4,1564.9,1706.0,1594.1,,,,,,
NIUE,Total,,Thousands,1.9000000000000001,1.4000000000000001,2.1,2.6999999999999997,2.5,2.8,3.0,3.4,4.7,4.699999999999999,6.2,,,,,7.699999999999999,8.9,9.799999999999999,,,,,
NIUE,Personal,,Thousands,1.4000000000000001,1.1,1.7,2.3,1.7,2.1,2.6,3.0,3.6,3.6999999999999997,5.0,,,,,6.6,7.7,8.6,,,,,
NIUE,Business and professional,,Thousands,0.5,0.3,0.4,0.4,0.8,0.7,0.4,0.4,1.1,1.0,1.2,,,,,1.1,1.2,1.2,,,,,
NORTH MACEDONIA,Total,,Thousands,,,,,,,,,,,,,,,,,,,,,,,
NORTH MACEDONIA,Personal,,Thousands,,,,,,,,,,,,,,,,,,,,,,,
NORTH MACEDONIA,Business and professional,,Thousands,,,,,,,,,,,,,,,,,,,,,,,
NORTHERN MARIANA ISLANDS,Total,,Thousands,529.0,444.0,476.0,459.0,536.0,507.0,436.0,389.0,397.0,354.0,379.0,341.0,401.0,439.0,460.0,479.0,531.0,660.0,518.0,487.0,89.0,12.7,96.6
NORTHERN MARIANA ISLANDS,Personal,,Thousands,529.0,444.0,476.0,459.0,536.0,507.0,436.0,389.0,397.0,354.0,379.0,341.0,401.0,439.0,460.0,479.0,531.0,660.0,518.0,487.0,89.0,12.7,96.6
NORTHERN MARIANA ISLANDS,Business and professional,,Thousands,,,,,,,,,,,,,,,,,,,,,,,
NORWAY,Total,,Thousands,3104.0,3073.0,3111.0,3269.0,3628.0,3824.0,4071.0,4378.0,4347.0,4346.0,4767.0,4963.0,,,,,,,,,,,
NORWAY,Personal,,Thousands,2327.0,2297.0,2373.0,2520.0,2780.0,2913.0,3101.0,3296.0,3212.0,3375.0,3703.0,3867.0,,,,,,,,,,,
NORWAY,Business and professional,,Thousands,777.0,776.0,738.0,749.0,848.0,911.0,970.0,1082.0,1135.0,971.0,1064.0,1096.0,,,,,,,,,,,
OMAN,Total,,Thousands,,1095.0,1112.0,1210.0,1407.0,1101.382,1385.0059999999999,1359.51,1539.5669999999998,1584.267,1499.962,1392.7158240031754,1713.521125215645,1922.72019026214,2225.4407650082753,2633.5951758774395,3206.88769502992,3178.217650391427,3241.7571169224893,3506.4,868.6,651.7,2920.3999999999996
OMAN,Personal,,Thousands,,943.0,948.0,997.0,1109.0,937.845,1157.645,1164.321,1268.3919999999998,1354.875,1270.744,1162.6650353273235,1392.6746767107193,1562.3596261040761,1821.7056273944959,2149.838635158999,2646.70877553441,2631.051201746172,2892.1344208458095,3095.1,769.2,573.4000000000001,2612.2
OMAN,Business and professional,,Thousands,,152.0,164.0,213.0,298.0,163.537,227.361,195.189,271.175,229.392,229.218,230.0507886758519,320.84644850492566,360.3605641580639,403.7351376137793,483.7565407184405,560.1789194955102,547.1664486452552,349.62269607667986,411.3,99.4,78.3,308.2
PAKISTAN,Total,,Thousands,557.0,500.0,498.0,501.0,648.0,798.0,898.0,840.0,823.0,855.0,907.0,1161.0,966.0,,,,,,,,,,
PAKISTAN,Personal,,Thousands,418.0,373.0,371.0,374.0,483.0,595.0,670.0,627.0,614.0,638.0,594.0,793.0,633.0,,,,,,,,,,
PAKISTAN,Business and professional,,Thousands,139.0,127.0,127.0,127.0,165.0,203.0,228.0,213.0,209.0,217.0,313.0,368.0,333.0,,,,,,,,,,
PALAU,Total,,Thousands,57.0,54.0,58.0,63.0,89.0,80.0,82.0,88.0,79.0,72.0,85.0,109.0,119.0,105.0,141.0,162.0,138.0,123.0,106.0,94.0,18.0,,
PALAU,Personal,,Thousands,54.0,51.0,55.0,60.0,85.0,76.0,78.0,84.0,76.0,68.0,82.0,106.0,116.0,102.0,139.0,160.4,138.0,123.0,106.0,94.0,18.0,,
PALAU,Business and professional,,Thousands,3.0,3.0,3.0,3.0,4.0,4.0,4.0,4.0,3.0,4.0,3.0,3.0,3.0,3.0,2.0,1.6,,,,,,,
PANAMA,Total,,Thousands,375.0,393.0,409.0,450.0,476.0,546.0,671.0,912.0,1044.0,1008.0,1096.0,1209.0,1349.0,1527.0,1610.0,1941.0,1857.1999999999998,1750.8000000000002,1756.0,1755.1000000000001,421.4,665.3999999999999,1520.2
PANAMA,Personal,,Thousands,228.0,251.0,268.0,286.0,302.0,347.0,426.0,579.0,643.0,620.0,674.0,744.0,830.0,1367.0,1431.0,1857.0,1789.1,1524.3000000000002,1533.0,1530.4,387.29999999999995,625.5999999999999,1240.5
PANAMA,Business and professional,,Thousands,147.0,142.0,141.0,164.0,174.0,199.0,245.0,333.0,401.0,388.0,422.0,465.0,519.0,160.0,179.0,84.0,68.1,226.5,223.0,224.7,34.1,39.8,279.7
PAPUA NEW GUINEA,Total,,Thousands,58.0,54.0,53.0,56.0,59.0,69.0,78.0,104.0,120.0,125.0,145.0,165.0,175.3,182.3,191.4,198.7,197.7,181.8,194.8,211.0,38.9,16.8,69.30000000000001
PAPUA NEW GUINEA,Personal,,Thousands,21.0,20.0,20.0,21.0,22.0,24.0,28.0,34.0,42.0,38.0,41.0,45.0,47.3,50.3,61.5,71.5,71.2,79.39999999999999,94.0,94.0,7.4,1.8,17.6
PAPUA NEW GUINEA,Business and professional,,Thousands,37.0,34.0,33.0,35.0,37.0,45.0,50.0,70.0,78.0,87.0,104.0,120.0,128.0,132.0,129.9,127.2,126.5,102.4,100.8,117.0,31.5,15.0,51.7
PARAGUAY,Total,,Thousands,288.0,278.0,250.0,268.0,309.0,341.0,388.0,416.0,428.0,439.0,465.0,524.0,579.0,610.0,649.0,1214.6,1308.2,1583.9,1181.0,1215.6,252.1,94.80000000000001,579.46
PARAGUAY,Personal,,Thousands,257.0,248.0,223.0,239.0,276.0,304.0,345.0,370.0,381.0,347.0,368.0,414.0,457.0,482.0,513.0,959.5,1033.5,1251.3000000000002,956.6,984.5999999999999,204.2,76.80000000000001,469.36
PARAGUAY,Business and professional,,Thousands,31.0,30.0,27.0,29.0,33.0,37.0,43.0,46.0,47.0,92.0,97.0,110.0,122.0,128.0,136.0,255.1,274.7,332.6,224.4,231.0,47.9,18.0,110.1
PERU,Total,,Thousands,1056.68,1027.6000000000001,1063.7,1135.8,1350.0000000000002,1570.6,1720.7,1916.47,2057.6,2139.9,2299.2000000000003,2597.7999999999997,2845.7000000000003,3163.6,3214.9,3455.7000000000003,3744.4000000000005,4032.4000000000005,4419.49,4371.7,896.6,444.3,2009.3
PERU,Personal,,Thousands,989.08,989.8000000000001,1024.5,1094.0,1315.1000000000001,1530.0,1676.1000000000001,1867.0,2004.3999999999999,2084.6,2239.8,2530.6,2772.1000000000004,3081.7999999999997,3131.8,3366.4,3647.6000000000004,3924.1000000000004,4304.0,4257.5,873.1,433.0,1950.7
PERU,Business and professional,,Thousands,67.6,37.8,39.2,41.8,34.9,40.6,44.6,49.47,53.2,55.3,59.4,67.2,73.6,81.8,83.1,89.3,96.8,108.3,115.49,114.2,23.5,11.3,58.6
PHILIPPINES,Total,,Thousands,1964.0,1770.0,1905.0,1880.0,2260.0,2587.0,2807.0,3042.0,3085.0,2960.0,3461.0,3884.0,4238.0,4637.0,4773.0,5290.8,5894.6,6506.5,6940.2,8099.299999999999,1457.3,164.0,1839.68
PHILIPPINES,Personal,,Thousands,1571.0,1440.0,1569.0,1572.0,1916.0,2221.0,2398.0,2591.0,2620.0,2552.0,3267.0,3481.0,3757.0,4131.0,4275.0,4804.8,5407.5,6037.7,6513.7,7747.599999999999,1410.1,151.0,1678.68
PHILIPPINES,Business and professional,,Thousands,393.0,330.0,336.0,308.0,344.0,366.0,409.0,451.0,465.0,408.0,194.0,403.0,481.0,506.0,498.0,486.0,487.1,468.8,426.5,351.7,47.2,13.0,161.0
POLAND,Total,,Thousands,17400.0,15000.0,13980.0,13720.0,14290.0,15200.0,15670.0,14975.0,12960.0,11890.0,12470.0,13350.0,14840.0,15800.0,16000.0,16728.0,17471.0,18258.0,19622.0,21158.0,8418.0,9722.0,15947.0
POLAND,Personal,,Thousands,12550.0,10760.0,9930.0,9620.0,10345.0,10960.0,11430.0,10890.0,9170.0,8320.0,9100.0,9590.0,10680.0,11850.0,12724.0,12664.0,13295.0,13730.0,14700.0,16122.0,6384.0,7305.0,12383.0
POLAND,Business and professional,,Thousands,4850.0,4240.0,4050.0,4100.0,3945.0,4240.0,4240.0,4085.0,3790.0,3570.0,3370.0,3760.0,4160.0,3950.0,3276.0,4064.0,4176.0,4528.0,4922.0,5036.0,2034.0,2417.0,3564.0
PORTUGAL,Total,,Thousands,,,,,21165.0,21172.0,22588.0,,,,,,,,,,,,,,,,
PORTUGAL,Personal,,Thousands,,,,,17893.0,17864.0,19033.0,,,,,,,,,,,,,,,,
PORTUGAL,Business and professional,,Thousands,,,,,3272.0,3308.0,3555.0,,,,,,,,,,,,,,,,
PUERTO RICO,Total,,Thousands,,,,,,,,,,,,,,,,,,,,,,,
PUERTO RICO,Personal,,Thousands,,,,,,,,,,,,,,,,,,,,,,,
PUERTO RICO,Business and professional,,Thousands,,,,,,,,,,,,,,,,,,,,,,,
QATAR,Total,,Thousands,,,,,,,,,,,,,,,,,,,,,,,
QATAR,Personal,,Thousands,,,,,,,,,,,,,,,,,,,,,,,
QATAR,Business and professional,,Thousands,,,,,,,,,,,,,,,,,,,,,,,
REUNION,Total,,Thousands,430.0,424.0,426.0,432.0,430.0,409.0,279.0,381.0,396.0,422.0,420.0,471.0,447.0,416.0,406.0,426.4,458.19999999999993,507.5,534.6999999999999,533.6,216.7,250.8,495.40000000000003
REUNION,Personal,,Thousands,386.0,380.0,381.0,388.0,378.0,362.0,232.0,329.0,346.0,381.0,380.0,428.0,404.0,380.0,361.0,376.7,405.79999999999995,455.0,489.4,492.7,202.7,229.3,454.6
REUNION,Business and professional,,Thousands,44.0,44.0,45.0,44.0,52.0,47.0,47.0,52.0,50.0,41.0,40.0,43.0,43.0,36.0,45.0,49.7,52.4,52.5,45.3,40.9,14.0,21.5,40.8
ROMANIA,Total,,Thousands,,,,,,,,,,,,,,,,,,,,,,,
ROMANIA,Personal,,Thousands,,,,,,,,,,,,,,,,,,,,,,,
ROMANIA,Business and professional,,Thousands,,,,,,,,,,,,,,,,,,,,,,,
RUSSIAN FEDERATION,Total,,Thousands,21169.0,21595.0,23309.0,22521.0,22064.0,22201.0,22486.0,22909.0,23676.0,21339.0,22281.0,24932.0,28177.0,30792.1,32421.0,33729.200000000004,,,,,,,
RUSSIAN FEDERATION,Personal,,Thousands,17951.0,18567.0,20295.0,19953.0,19341.0,18975.0,19252.0,19639.0,19564.0,17459.0,17849.0,19457.0,21976.0,24975.3,26158.0,26212.100000000002,,,,,,,
RUSSIAN FEDERATION,Business and professional,,Thousands,3218.0,3028.0,3014.0,2568.0,2723.0,3226.0,3234.0,3270.0,4112.0,3880.0,4432.0,5475.0,6201.0,5816.8,6263.0,7517.1,,,,,,,
RWANDA,Total,,Thousands,,,,,,,531.0,610.0,668.5,663.0,666.0,908.0,1061.3,1122.2,1219.5,1298.3999999999999,1377.0,1570.0,1711.0,1633.0,497.40000000000003,510.9,
RWANDA,Personal,,Thousands,,,,,,,276.0,334.0,326.40000000000003,330.0,359.0,513.0,646.6999999999999,703.0,824.2,888.6999999999999,1052.0,1088.0,1303.0,1216.0,301.6,168.5,
RWANDA,Business and professional,,Thousands,,,,,,,255.0,276.0,342.1,333.0,307.0,395.0,414.6,419.2,395.3,409.7,325.0,482.0,408.0,417.0,195.8,342.4,
SABA,Total,,Thousands,,,,,,,,,,,,,,,,,,,,,,,
SABA,Personal,,Thousands,,,,,,,,,,,,,,,,,,,,,,,
SABA,Business and professional,,Thousands,,,,,,,,,,,,,,,,,,,,,,,
SAINT KITTS AND NEVIS,Total,,Thousands,,71.0,,,,,,,,82.8,98.39999999999999,103.89999999999999,104.2,107.1,113.10000000000001,,,,125.4,120.1,29.8,20.2,
SAINT KITTS AND NEVIS,Personal,,Thousands,,64.0,,,,,,,,70.1,83.3,88.6,88.9,91.1,94.9,,,,105.7,98.8,25.6,18.2,
SAINT KITTS AND NEVIS,Business and professional,,Thousands,,7.0,,,,,,,,12.7,15.1,15.3,15.3,16.0,18.2,,,,19.7,21.3,4.2,2.0,
SAINT LUCIA,Total,,Thousands,270.0,,,277.0,298.0,318.0,302.0,288.0,296.0,278.0,306.0,312.0,307.0,318.79999999999995,338.0,345.0,347.9,386.2,394.70000000000005,423.8,130.7,199.4,356.2
SAINT LUCIA,Personal,,Thousands,256.0,,,264.0,286.0,302.0,290.0,277.0,283.0,263.0,292.0,292.0,291.0,303.4,324.0,333.0,336.5,371.0,378.90000000000003,408.2,127.8,195.3,350.8
SAINT LUCIA,Business and professional,,Thousands,14.0,,,13.0,12.0,16.0,12.0,11.0,13.0,15.0,14.0,20.0,16.0,15.4,14.0,12.0,11.4,15.2,15.8,15.6,2.9,4.1,5.4
SAINT VINCENT AND THE GRENADINES,Total,,Thousands,,,78.0,79.0,87.0,96.0,98.0,90.0,84.0,75.0,72.0,74.0,74.0,71.7,70.7,75.4,78.7,76.4,80.1,83.9,26.6,24.3,59.1
SAINT VINCENT AND THE GRENADINES,Personal,,Thousands,,,65.0,65.0,70.0,75.0,81.0,75.0,70.0,60.0,58.0,60.0,61.0,58.8,58.0,62.400000000000006,65.2,62.7,65.8,67.0,22.8,20.5,51.1
SAINT VINCENT AND THE GRENADINES,Business and professional,,Thousands,,,13.0,14.0,17.0,21.0,17.0,15.0,14.0,15.0,14.0,14.0,13.0,12.9,12.7,13.0,13.5,13.7,14.3,16.9,3.8,3.8,8.0
SAMOA,Total,,Thousands,87.0,88.0,89.0,92.0,98.0,102.0,116.0,122.0,122.0,129.0,130.0,128.0,135.0,125.0,131.7,139.1,145.89999999999998,157.5,172.4,180.8,23.900000000000002,2.6,50.599999999999994
SAMOA,Personal,,Thousands,76.0,77.0,79.0,82.0,87.0,92.0,104.0,110.0,112.0,118.0,118.0,117.0,102.0,113.0,118.3,127.4,133.7,143.2,162.8,167.5,22.6,2.6,47.3
SAMOA,Business and professional,,Thousands,11.0,11.0,10.0,10.0,11.0,10.0,12.0,12.0,10.0,11.0,12.0,11.0,33.0,12.0,13.4,11.7,12.2,14.3,9.6,13.3,1.3,,3.3
SAN MARINO,Total,,Thousands,,,,,,2107.0,2136.0,2163.0,2112.0,2056.0,1976.0,2038.0,1869.0,1905.0,2004.0,1888.1,,,,,,,
SAN MARINO,Personal,,Thousands,,,,,,1412.0,1436.0,1579.0,1500.0,1028.0,1087.0,1780.0,1271.0,1293.5,1392.0,1416.1,,,,,,,
SAN MARINO,Business and professional,,Thousands,,,,,,695.0,700.0,584.0,612.0,1028.0,889.0,258.0,598.0,611.5,612.0,472.0,,,,,,,
SAO TOME AND PRINCIPE,Total,,Thousands,,7.6,,,,15.8,12.299999999999999,11.8,14.5,15.2,8.0,12.200000000000001,,,,25.595000000000002,28.900000000000002,28.9,33.400000000000006,,,15.100000000000001,
SAO TOME AND PRINCIPE,Personal,,Thousands,,7.0,,,,14.700000000000001,11.7,10.8,13.9,14.799999999999999,7.0,10.9,,,,19.911,25.700000000000003,23.599999999999998,29.200000000000003,,,9.9,
SAO TOME AND PRINCIPE,Business and professional,,Thousands,,0.6,,,,1.1,0.6,1.0,0.6,0.4,1.0,1.3,,,,5.684,3.2,5.3,4.2,,,5.2,
SAUDI ARABIA,Total,,Thousands,6295.0,,,,8599.0,8037.0,8620.0,11530.0,14757.0,10896.0,10850.0,14178.0,16332.0,15772.0,18260.0,17994.3,18044.3,16109.1,15334.400000000001,17525.6,4138.1,3477.2,16637.9
SAUDI ARABIA,Personal,,Thousands,5607.0,,,,6218.0,6086.0,7017.0,8871.0,11097.0,9292.0,8190.0,12266.0,13508.0,14296.0,15576.0,16113.7,14037.8,13414.1,12883.7,14361.0,3366.2000000000003,2464.1,14971.2
SAUDI ARABIA,Business and professional,,Thousands,688.0,,,,2381.0,1951.0,1603.0,2659.0,3660.0,1604.0,2660.0,1912.0,2824.0,1476.0,2684.0,1880.6,4006.5,2695.0,2450.7,3164.6,771.9,1013.1,1666.7
SENEGAL,Total,,Thousands,,,,,,,,,,,,,,,963.1,1006.5999999999999,1210.0,1364.9,,,,,
SENEGAL,Personal,,Thousands,,,,,,,,,,,,,,,741.6,775.0999999999999,931.7,1051.0,,,,,
SENEGAL,Business and professional,,Thousands,,,,,,,,,,,,,,,221.5,231.5,278.3,313.9,,,,,
SERBIA,Total,,Thousands,,,,,,,,,,,,,,,,,,,,,,,
SERBIA,Personal,,Thousands,,,,,,,,,,,,,,,,,,,,,,,
SERBIA,Business and professional,,Thousands,,,,,,,,,,,,,,,,,,,,,,,
SERBIA AND MONTENEGRO,Total,,Thousands,,,,,,,,,,,,,,,,,,,,,,,
SERBIA AND MONTENEGRO,Personal,,Thousands,,,,,,,,,,,,,,,,,,,,,,,
SERBIA AND MONTENEGRO,Business and professional,,Thousands,,,,,,,,,,,,,,,,,,,,,,,
SEYCHELLES,Total,,Thousands,130.0,130.0,132.0,122.0,121.0,129.0,141.0,161.0,159.0,157.0,175.0,194.0,208.0,230.0,232.7,276.2,303.2,349.90000000000003,361.9,384.2,114.80000000000001,182.9,332.0
SEYCHELLES,Personal,,Thousands,124.0,124.0,125.0,116.0,114.0,122.0,134.0,153.0,149.0,147.0,165.0,187.0,202.0,222.0,223.79999999999998,265.8,293.8,340.8,352.0,375.5,112.9,181.0,325.8
SEYCHELLES,Business and professional,,Thousands,6.0,6.0,7.0,6.0,7.0,7.0,7.0,8.0,10.0,10.0,10.0,7.0,6.0,8.0,8.9,10.4,9.4,9.1,9.9,8.7,1.9,1.9,6.2
SIERRA LEONE,Total,,Thousands,15.7,24.1,28.400000000000002,38.1,43.6,40.0,33.7,32.2,36.0,37.0,39.0,52.0,60.0,81.0,43.7,23.8,53.699999999999996,51.099999999999994,56.50000000000001,63.1,24.4,40.3,
SIERRA LEONE,Personal,,Thousands,9.899999999999999,14.600000000000001,17.1,18.0,29.0,26.4,21.2,20.8,23.0,21.0,22.0,28.0,30.0,39.0,21.4,12.8,27.299999999999997,31.799999999999997,34.400000000000006,36.5,16.8,26.3,
SIERRA LEONE,Business and professional,,Thousands,5.8,9.5,11.3,20.1,14.6,13.6,12.5,11.4,13.0,16.0,17.0,24.0,30.0,42.0,22.3,11.0,26.4,19.3,22.1,26.6,7.6,14.0,
SINGAPORE,Total,,Thousands,7691.0,7523.0,7567.0,6127.0,8328.0,8943.0,9751.0,10285.0,10116.1,9682.7,11641.7,13171.199999999999,14496.0,15568.0,15095.2,15231.5,16403.4,17424.699999999997,18508.3,19116.0,,,
SINGAPORE,Personal,,Thousands,5976.0,5922.0,6000.0,4828.0,5996.0,6394.0,6865.0,7117.0,7050.6,7068.4,8466.7,9945.599999999999,11093.9,11951.2,11893.2,12308.3,13942.9,14960.599999999999,15891.0,16655.5,,,
SINGAPORE,Business and professional,,Thousands,1715.0,1601.0,1567.0,1299.0,2332.0,2549.0,2886.0,3168.0,3065.5,2614.3,3175.0,3225.6,3402.1,3616.8,3202.0,2923.2,2460.5,2464.1,2617.3,2460.5,,,
SINT EUSTATIUS,Total,,Thousands,,,,,,,,,,,,,,,,,,,,,,,
SINT EUSTATIUS,Personal,,Thousands,,,,,,,,,,,,,,,,,,,,,,,
SINT EUSTATIUS,Business and professional,,Thousands,,,,,,,,,,,,,,,,,,,,,,,
SINT MAARTEN (DUTCH PART),Total,,Thousands,,,,,,,,,,,,,,,,,,,,,,,
SINT MAARTEN (DUTCH PART),Personal,,Thousands,,,,,,,,,,,,,,,,,,,,,,,
SINT MAARTEN (DUTCH PART),Business and professional,,Thousands,,,,,,,,,,,,,,,,,,,,,,,
SLOVAKIA,Total,,Thousands,,,,,,,,,,,,,,,,,,,,,,,
SLOVAKIA,Personal,,Thousands,,,,,,,,,,,,,,,,,,,,,,,
SLOVAKIA,Business and professional,,Thousands,,,,,,,,,,,,,,,,,,,,,,,
SLOVENIA,Total,,Thousands,1090.0,1219.0,1302.0,1373.0,1499.0,1554.0,1617.0,1751.0,1958.0,1824.0,2048.9,2236.2,2376.7000000000003,2501.7000000000003,2675.1,3022.1,3396.8999999999996,3990.6000000000004,4425.099999999999,4702.0,1216.16,1832.5,3935.6
SLOVENIA,Personal,,Thousands,899.0,1006.0,1074.0,1100.0,1201.0,1245.0,1303.0,1411.0,1578.0,1580.0,1774.5,1936.6999999999998,2169.3,2283.4,2441.6,2606.9,2930.2,3442.4,3817.2,4142.3,1071.3600000000001,1685.8,3620.6
SLOVENIA,Business and professional,,Thousands,191.0,213.0,228.0,273.0,298.0,309.0,314.0,340.0,380.0,244.0,274.4,299.5,207.4,218.3,233.5,415.2,466.7,548.2,607.9,559.7,144.8,146.7,315.0
SOLOMON ISLANDS,Total,,Thousands,5.2,,,6.6,5.6,2.9,11.5,13.7,16.2,18.3,20.5,22.900000000000002,23.900000000000002,24.4,20.1,21.6,23.2,25.700000000000003,27.9,28.900000000000002,4.42,,
SOLOMON ISLANDS,Personal,,Thousands,2.7,,,3.6,3.3,2.9,6.1,7.5,9.7,10.8,11.899999999999999,14.100000000000001,16.1,16.4,12.7,14.8,16.7,18.700000000000003,20.8,21.6,3.38,,
SOLOMON ISLANDS,Business and professional,,Thousands,2.5,,,3.0,2.3,,5.4,6.2,6.5,7.5,8.6,8.8,7.8,8.0,7.4,6.8,6.5,7.0,7.1,7.3,1.04,,
SOMALIA,Total,,Thousands,,,,,,,,,,,,,,,,,,,,,,,
SOMALIA,Personal,,Thousands,,,,,,,,,,,,,,,,,,,,,,,
SOMALIA,Business and professional,,Thousands,,,,,,,,,,,,,,,,,,,,,,,
SOUTH AFRICA,Total,,Thousands,5872.0,5787.0,6430.0,6505.0,6678.0,7369.0,8396.0,9091.0,9592.0,7012.0,8074.0,8339.0,9188.0,9537.0,9549.0,8903.699999999999,10044.2,10285.199999999999,10472.1,10228.500000000002,2802.3,2255.7,5698.0
SOUTH AFRICA,Personal,,Thousands,5243.0,5231.0,5890.0,6099.0,6317.0,7034.0,8072.0,8781.0,9297.0,6815.0,7743.0,8072.0,8895.0,9265.0,9142.0,8503.3,9706.6,9951.4,10156.0,9953.300000000001,2691.7000000000003,2061.6,5435.0
SOUTH AFRICA,Business and professional,,Thousands,629.0,556.0,540.0,406.0,361.0,335.0,324.0,310.0,295.0,197.0,331.0,267.0,293.0,272.0,407.0,400.4,337.6,333.8,316.1,275.2,110.6,194.1,263.0
SOUTH SUDAN,Total,,Thousands,,,,,,,,,,,,,,,,,,,,,,,
SOUTH SUDAN,Personal,,Thousands,,,,,,,,,,,,,,,,,,,,,,,
SOUTH SUDAN,Business and professional,,Thousands,,,,,,,,,,,,,,,,,,,,,,,
SPAIN,Total,,Thousands,46403.0,48565.0,50331.0,50854.0,52430.0,55913.0,58005.0,58666.0,57192.0,52177.700000000004,52677.0,56176.9,57464.399999999994,60675.0,64938.0,68174.7,75315.0,81868.4,82808.40000000001,83509.2,18933.100000000002,31180.8,71659.3
SPAIN,Personal,,Thousands,41103.0,44081.0,45456.0,46130.0,47144.0,49989.0,53090.0,53391.0,51921.0,47842.100000000006,48302.0,52061.6,53490.2,56604.0,60625.0,63195.9,69611.3,76161.7,77171.6,77396.5,17367.600000000002,28910.5,66706.8
SPAIN,Business and professional,,Thousands,5300.0,4484.0,4875.0,4724.0,5286.0,5924.0,4915.0,5275.0,5271.0,4335.6,4375.0,4115.3,3974.2,4071.0,4313.0,4978.8,5703.7,5706.7,5636.8,6112.7,1565.5,2270.3,4952.5
SRI LANKA,Total,,Thousands,400.0,337.0,393.0,501.0,566.0,549.0,559.0,494.0,438.0,448.0,654.0,856.0,1005.5999999999999,1274.0,1527.1999999999998,1798.0,2050.8,2116.4,2333.8,1913.6000000000001,507.7,194.0,720.0
SRI LANKA,Personal,,Thousands,381.0,314.0,351.0,445.0,492.0,444.0,443.0,437.0,395.0,403.0,564.0,773.0,893.3,1180.0,1496.1,1760.0,1991.6000000000001,2010.3,2198.8,1687.9,487.8,189.0,673.1
SRI LANKA,Business and professional,,Thousands,19.0,23.0,42.0,56.0,74.0,105.0,116.0,57.0,43.0,45.0,90.0,83.0,112.3,94.0,31.1,38.0,59.2,106.1,135.0,225.7,19.9,5.0,46.9
STATE OF PALESTINE,Total,,Thousands,1055.0,,,,,,,,,,,,,,,,,,,,,,
STATE OF PALESTINE,Personal,,Thousands,1055.0,,,,,,,,,,,,,,,,,,,,,,
STATE OF PALESTINE,Business and professional,,Thousands,,,,,,,,,,,,,,,,,,,,,,,
SUDAN,Total,,Thousands,38.0,50.0,,,,246.0,328.0,436.0,440.0,420.0,495.0,536.0,574.7,591.3,683.5999999999999,741.0,799.0,812.0,836.0,,,,
SUDAN,Personal,,Thousands,30.0,40.0,,,,185.0,252.0,336.0,339.0,323.0,396.0,429.0,442.5,455.3,505.9,549.0,591.0,601.0,619.0,,,,
SUDAN,Business and professional,,Thousands,8.0,10.0,,,,61.0,76.0,100.0,101.0,97.0,99.0,107.0,132.2,136.0,177.7,192.0,208.0,211.0,217.0,,,,
SURINAME,Total,,Thousands,57.0,54.0,60.0,82.0,137.0,161.0,154.0,167.0,151.0,151.0,204.0,220.0,240.0,249.0,251.6,228.0,,,,,,,
SURINAME,Personal,,Thousands,54.0,51.0,57.0,70.0,123.0,145.0,138.0,150.0,135.0,136.0,185.0,197.0,217.0,224.0,228.9,209.0,,,,,,,
SURINAME,Business and professional,,Thousands,3.0,3.0,3.0,12.0,14.0,16.0,16.0,17.0,16.0,15.0,19.0,23.0,23.0,25.0,22.7,19.0,,,,,,,
SWEDEN,Total,,Thousands,,7432.0,7457.0,7627.0,,,,,,,,19405.0,20011.0,18803.0,19945.0,,,,,,,,
SWEDEN,Personal,,Thousands,,4651.0,5043.0,5109.0,,,,,,,,16565.0,16555.0,15441.0,16754.0,,,,,,,,
SWEDEN,Business and professional,,Thousands,,2781.0,2414.0,2518.0,,,,,,,,2840.0,3456.0,3362.0,3191.0,,,,,,,,
SWITZERLAND,Total,,Thousands,,,,,,,,,,,,,,,,,,,,,,,
SWITZERLAND,Personal,,Thousands,,,,,,,,,,,,,,,,,,,,,,,
SWITZERLAND,Business and professional,,Thousands,,,,,,,,,,,,,,,,,,,,,,,
SYRIAN ARAB REPUBLIC,Total,,Thousands,3015.0,3326.0,4273.0,4388.0,6335.0,5859.0,5682.0,5435.0,6950.0,6656.0,9457.0,,,,,,,,,,,,
SYRIAN ARAB REPUBLIC,Personal,,Thousands,2615.0,3026.0,3875.0,3980.0,5828.0,5390.0,5227.0,5000.0,6394.0,6117.0,9015.0,,,,,,,,,,,,
SYRIAN ARAB REPUBLIC,Business and professional,,Thousands,400.0,300.0,398.0,408.0,507.0,469.0,455.0,435.0,556.0,539.0,442.0,,,,,,,,,,,,
TAIWAN PROVINCE OF CHINA,Total,,Thousands,2624.0,2831.0,2978.0,2248.0,2950.0,3378.0,3520.0,3716.0,3845.0,4394.0,5567.0,6087.0,7311.0,8016.0,9910.0,10439.7,10690.2,10739.599999999999,11066.699999999999,11864.1,1377.9,140.39999999999998,895.9
TAIWAN PROVINCE OF CHINA,Personal,,Thousands,1661.0,1916.0,2045.0,1469.0,1949.0,2345.0,2479.0,2685.0,2859.0,3475.0,4479.0,4958.0,6276.0,6935.0,9007.0,9547.1,9809.7,9839.3,10160.9,10942.7,1272.5,120.69999999999999,777.5
TAIWAN PROVINCE OF CHINA,Business and professional,,Thousands,963.0,915.0,933.0,779.0,1001.0,1033.0,1041.0,1031.0,986.0,919.0,1088.0,1129.0,1035.0,1081.0,903.0,892.6,880.5,900.3,905.8,921.4,105.4,19.7,118.4
TAJIKISTAN,Total,,Thousands,7.7,5.2,,,,,,,,,,,244.0,208.0,213.0,414.0,345.0,432.0,1034.8000000000002,,,,
TAJIKISTAN,Personal,,Thousands,7.7,5.2,,,,,,,,,,,242.0,206.0,182.0,392.0,316.0,397.0,1029.4,,,,
TAJIKISTAN,Business and professional,,Thousands,,,,,,,,,,,,,2.0,2.0,31.0,22.0,29.0,35.0,5.4,,,,
"TANZANIA, UNITED REPUBLIC OF",Total,,Thousands,502.0,525.0,575.0,576.0,583.0,613.0,644.0,718.0,770.0,714.0,783.0,868.0,1077.0,1096.0,1140.1,1137.1000000000001,1284.3,1327.0,1505.6,1526.8,620.9,1026.9,
"TANZANIA, UNITED REPUBLIC OF",Personal,,Thousands,372.0,373.0,460.0,443.0,500.0,528.0,573.0,661.0,733.0,685.0,727.0,821.0,1021.0,1030.0,1071.8,1060.9,1217.2,1269.0,1429.5,1462.2,601.4,934.2,
"TANZANIA, UNITED REPUBLIC OF",Business and professional,,Thousands,130.0,152.0,115.0,133.0,83.0,85.0,71.0,57.0,37.0,29.0,56.0,47.0,56.0,66.0,68.3,76.2,67.1,58.0,76.1,64.6,19.5,92.7,
THAILAND,Total,,Thousands,9509.0,10061.0,10799.0,10004.0,11651.0,11517.0,13821.0,14464.0,14584.0,14150.0,15936.0,19230.0,22354.0,26546.800000000003,,,,35591.9,38178.2,39916.3,6725.099999999999,510.7,
THAILAND,Personal,,Thousands,8536.0,9047.0,9827.0,9019.0,10477.0,9972.0,11845.0,12647.0,13201.0,12267.0,13670.0,17265.0,20179.0,24205.800000000003,,,,33959.0,36121.5,37872.8,6483.299999999999,466.3,
THAILAND,Business and professional,,Thousands,973.0,1014.0,972.0,985.0,1174.0,1545.0,1976.0,1817.0,1383.0,1883.0,2266.0,1965.0,2175.0,2341.0,,,,1632.9,2056.7,2043.5,241.8,44.4,
TIMOR-LESTE,Total,,Thousands,,,,,,,,,,,,,,,,,,,,,,,
TIMOR-LESTE,Personal,,Thousands,,,,,,,,,,,,,,,,,,,,,,,
TIMOR-LESTE,Business and professional,,Thousands,,,,,,,,,,,,,,,,,,,,,,,
TOGO,Total,,Thousands,,,,,,,,,,,,,,,,249.0,338.0,514.0,573.0999999999999,876.3000000000001,,,
TOGO,Personal,,Thousands,,,,,,,,,,,,,,,,126.0,154.0,183.0,327.9,369.20000000000005,,,
TOGO,Business and professional,,Thousands,,,,,,,,,,,,,,,,123.0,184.0,331.0,245.2,507.1,,,
TONGA,Total,,Thousands,35.0,32.0,37.0,39.0,,,,,50.0,45.7,47.1,46.0,47.400000000000006,48.2,50.4,53.8,59.099999999999994,62.5,54.0,67.3,9.0,0.2,18.4
TONGA,Personal,,Thousands,27.0,26.0,36.0,36.0,,,,,46.0,42.6,42.5,40.7,42.7,43.0,44.9,49.5,54.3,57.7,49.7,63.5,8.6,0.2,17.7
TONGA,Business and professional,,Thousands,8.0,6.0,1.0,3.0,,,,,4.0,3.1,4.6,5.3,4.7,5.2,5.5,4.3,4.8,4.8,4.3,3.8,0.4,,0.7
TRINIDAD AND TOBAGO,Total,,Thousands,399.0,383.0,384.0,409.0,443.0,463.0,461.0,449.0,437.0,419.0,388.0,431.0,455.0,434.0,412.79999999999995,439.79999999999995,409.9,394.7,375.4,388.6,95.3,40.6,226.49999999999997
TRINIDAD AND TOBAGO,Personal,,Thousands,331.0,314.0,312.0,330.0,357.0,374.0,369.0,364.0,348.0,329.0,314.0,328.0,350.0,368.9,320.2,346.9,320.3,311.9,293.8,306.6,79.0,31.7,191.39999999999998
TRINIDAD AND TOBAGO,Business and professional,,Thousands,68.0,69.0,72.0,79.0,86.0,89.0,92.0,85.0,89.0,90.0,74.0,103.0,105.0,65.1,92.6,92.9,89.6,82.8,81.6,82.0,16.3,8.9,35.1
TUNISIA,Total,,Thousands,,,,,,,,,,,,,,,,,,,,,,,
TUNISIA,Personal,,Thousands,,,,,,,,,,,,,,,,,,,,,,,
TUNISIA,Business and professional,,Thousands,,,,,,,,,,,,,,,,,,,,,,,
TÜRKIYE,Total,,Thousands,,11277.0,12922.0,13702.0,17203.0,20523.0,19276.0,27215.0,30980.0,32006.0,33028.0,36151.0,36464.0,39226.0,41414.8,41617.5,31365.4,38620.299999999996,45628.700000000004,51859.99999999999,15826.0,29357.4,51369.0
TÜRKIYE,Personal,,Thousands,,10034.0,11541.0,12159.0,15306.0,18551.0,16960.0,24718.0,28455.0,30211.0,31127.0,33776.0,34083.0,36703.0,38923.3,39261.1,29453.7,36734.6,43612.600000000006,49873.899999999994,15164.0,28255.0,49703.1
TÜRKIYE,Business and professional,,Thousands,,1243.0,1381.0,1543.0,1897.0,1972.0,2316.0,2497.0,2525.0,1795.0,1901.0,2375.0,2381.0,2523.0,2491.5,2356.4,1911.7,1885.7,2016.1,1986.1,662.0,1102.4,1665.9
TURKMENISTAN,Total,,Thousands,3.4,5.2,10.8,8.200000000000001,14.8,11.600000000000001,5.6000000000000005,8.2,,,,,,,,,,,,,,,
TURKMENISTAN,Personal,,Thousands,3.4,5.2,10.8,7.6000000000000005,13.4,10.3,5.2,5.2,,,,,,,,,,,,,,,
TURKMENISTAN,Business and professional,,Thousands,,,,0.6,1.4,1.3,0.4,3.0,,,,,,,,,,,,,,,
TURKS AND CAICOS ISLANDS,Total,,Thousands,152.0,165.0,155.0,164.0,,,,,,,,,,,,,,,,,,,
TURKS AND CAICOS ISLANDS,Personal,,Thousands,104.0,100.0,108.0,105.0,,,,,,,,,,,,,,,,,,,
TURKS AND CAICOS ISLANDS,Business and professional,,Thousands,48.0,65.0,47.0,59.0,,,,,,,,,,,,,,,,,,,
TUVALU,Total,,Thousands,1.0,1.1,1.3,1.4000000000000001,1.3,1.1,1.2,1.1,,,,1.2,1.1,1.2999999999999998,1.4,2.4,2.5,,3.1,3.7,0.6000000000000001,0.04,0.244
TUVALU,Personal,,Thousands,0.5,0.6,1.0,1.1,0.4,0.5,1.0,1.0,,,,0.8999999999999999,0.8,0.7,0.8,1.2999999999999998,1.3,,1.6,1.5,0.2,0.02,0.121
TUVALU,Business and professional,,Thousands,0.5,0.5,0.3,0.3,0.9,0.6,0.2,0.1,,,,0.3,0.3,0.6,0.6,1.1,1.2,,1.5,2.2,0.4,0.02,0.123
UGANDA,Total,,Thousands,193.0,205.0,254.0,305.0,512.0,468.0,538.0,642.0,844.0,807.0,946.0,1151.0,1197.0,1206.0,1266.0,1302.8,1322.5,1402.4,1505.6999999999998,1542.6,473.1,512.9,814.6
UGANDA,Personal,,Thousands,139.0,152.0,195.0,238.0,431.0,437.0,466.0,532.0,681.0,640.0,762.0,991.0,987.0,910.0,994.5,980.8,1032.6,910.2,1073.6,911.7,170.20000000000002,384.7,561.5
UGANDA,Business and professional,,Thousands,54.0,53.0,59.0,67.0,81.0,31.0,72.0,110.0,163.0,167.0,184.0,160.0,210.0,296.0,271.5,322.0,289.9,492.2,432.1,630.9,302.9,128.2,253.1
UKRAINE,Total,,Thousands,11692.0,11876.0,12792.0,12514.0,15630.0,17631.0,18935.0,23122.0,25449.0,20798.0,21203.0,21415.0,23013.0,24671.0,12711.5,12428.0,13333.2,14229.699999999999,14104.1,13437.8,3141.1000000000004,3973.2000000000003,2173.2
UKRAINE,Personal,,Thousands,10267.0,10221.0,11006.0,11559.0,14602.0,16591.0,17879.0,22164.0,24335.0,19953.0,20441.0,20711.0,22639.0,24503.0,12661.0,12387.0,13297.7,14136.199999999999,14049.9,13389.8,3126.8,3932.9,2170.7999999999997
UKRAINE,Business and professional,,Thousands,1425.0,1655.0,1786.0,955.0,1028.0,1040.0,1056.0,958.0,1114.0,845.0,762.0,704.0,374.0,168.0,50.5,41.0,35.5,93.5,54.2,48.0,14.3,40.3,2.4
UNITED ARAB EMIRATES,Total,,Thousands,,,,,,,,,,,,,,,16232.4,19313.399999999998,20894.399999999998,21804.7,23092.4,25281.600000000002,8084.2,12784.2,
UNITED ARAB EMIRATES,Personal,,Thousands,,,,,,,,,,,,,,,14331.5,15239.3,15838.199999999999,16626.2,17656.4,19201.4,5713.7,9035.5,
UNITED ARAB EMIRATES,Business and professional,,Thousands,,,,,,,,,,,,,,,1900.9,4074.1,5056.2,5178.5,5436.0,6080.2,2370.5,3748.7,
UNITED KINGDOM,Total,,Thousands,25209.0,22835.0,24180.0,24715.0,27755.0,29970.0,32713.0,32778.0,31888.0,31072.0,30398.0,31886.0,32221.0,33567.0,35337.0,36792.0,39129.0,41080.0,40283.1,40857.0,11100.5,6383.8,31244.4
UNITED KINGDOM,Personal,,Thousands,17201.0,15448.0,16340.0,17125.0,19700.0,21197.0,22996.0,23282.0,23205.0,23623.0,22846.0,23774.0,23929.0,24871.0,26131.0,27190.0,29110.0,31513.0,30922.5,31588.0,8631.5,5042.8,25741.5
UNITED KINGDOM,Business and professional,,Thousands,8008.0,7387.0,7840.0,7590.0,8055.0,8773.0,9717.0,9496.0,8683.0,7449.0,7552.0,8112.0,8292.0,8696.0,9206.0,9602.0,10019.0,9567.0,9360.6,9269.0,2469.0,1341.0,5502.9
UNITED STATES OF AMERICA,Total,,Thousands,25974.701,21832.868,19116.707,18026.213,20322.257,21678.528,21668.29,23892.277,25341.451,23756.184,26362.616,28539.631,30070.908,33688.677,35295.842,38700.15,38129.404,38905.524,39883.361,40393.0,7593.9,9174.9,
UNITED STATES OF AMERICA,Personal,,Thousands,17844.619587,15370.339071999999,13324.344779,12564.270461000002,14164.613129000001,15109.934016,15102.798130000001,16652.917069000003,18448.576328,18434.798784,20589.203096,22546.308490000003,23936.442768000004,27220.685954128992,28836.371685406317,31424.215359970825,31266.13156753306,31941.609201871175,32903.86782490711,33405.0,5968.8,8046.4,
UNITED STATES OF AMERICA,Business and professional,,Thousands,8130.081413,6462.528928,5792.362220999999,5461.942538999998,6157.643871,6568.593983999999,6565.49187,7239.359930999995,6892.874672000002,5321.385216000002,5773.412904000001,5993.322509999998,6134.465231999995,6467.991045871011,6459.47031459368,7275.934640029176,6863.272432466943,6963.914798128822,6979.493175092888,6988.0,1625.1,1128.5,
UNITED STATES VIRGIN ISLANDS,Total,,Thousands,,,,,,,,,,,,,,,,,,,,,,,
UNITED STATES VIRGIN ISLANDS,Personal,,Thousands,,,,,,,,,,,,,,,,,,,,,,,
UNITED STATES VIRGIN ISLANDS,Business and professional,,Thousands,,,,,,,,,,,,,,,,,,,,,,,
URUGUAY,Total,,Thousands,2236.0,2136.0,1354.0,1508.0,1871.0,1917.0,1824.0,1815.0,1998.0,2099.0,2408.0,2960.0,2846.0,2815.0,2810.5,2965.0,3328.5000000000005,3940.7,3711.9,3220.6,,233.5,
URUGUAY,Personal,,Thousands,2127.0,2016.0,1260.0,1417.0,1743.0,1780.0,1684.0,1704.0,1869.0,1925.0,2201.0,2754.0,2658.0,2599.0,2607.0,2744.0,3091.7000000000003,3697.1,3474.2000000000003,2999.7,,214.8,
URUGUAY,Business and professional,,Thousands,109.0,120.0,94.0,91.0,128.0,137.0,140.0,111.0,129.0,174.0,207.0,206.0,188.0,216.0,203.5,221.0,236.8,243.6,237.7,220.9,,18.7,
UZBEKISTAN,Total,,Thousands,302.0,345.0,331.0,231.0,261.0,242.0,560.0,903.0,1070.0,1215.0,975.0,1393.1,1895.1000000000001,1969.0,1862.0,1917.7,2027.0,2690.1000000000004,5346.200000000001,6748.5,,,
UZBEKISTAN,Personal,,Thousands,260.0,269.0,258.0,209.0,224.0,194.0,480.0,792.0,939.0,1111.0,900.0,1316.5,1807.6000000000001,1829.0,1716.6,1778.3,1853.8,2504.7000000000003,5224.1,6620.1,,,
UZBEKISTAN,Business and professional,,Thousands,42.0,76.0,73.0,22.0,37.0,48.0,80.0,111.0,131.0,104.0,75.0,76.6,87.5,140.0,145.4,139.4,173.2,185.4,122.1,128.4,,,
VANUATU,Total,,Thousands,58.0,53.0,49.0,50.0,61.0,62.0,68.0,81.0,90.60000000000001,100.7,97.2,93.9,108.19999999999999,110.1,108.7,89.9,95.1,109.10000000000001,115.69999999999999,120.6,22.0,,30.400000000000002
VANUATU,Personal,,Thousands,52.0,47.0,43.0,43.0,53.0,54.0,59.0,70.0,80.60000000000001,91.3,87.60000000000001,84.0,96.89999999999999,101.0,100.7,81.2,86.6,100.80000000000001,108.1,112.6,20.9,,28.6
VANUATU,Business and professional,,Thousands,6.0,6.0,6.0,7.0,8.0,8.0,9.0,11.0,10.0,9.4,9.6,9.9,11.3,9.1,8.0,8.7,8.5,8.3,7.6,8.0,1.1,,1.8
"VENEZUELA, BOLIVARIAN REPUBLIC OF",Total,,Thousands,469.0,584.0,432.0,337.0,487.0,706.0,748.0,756.0,699.0,562.0,526.0,594.7,987.9,985.6,856.6,789.4,601.3,427.30000000000007,,,,,
"VENEZUELA, BOLIVARIAN REPUBLIC OF",Personal,,Thousands,220.0,262.0,202.0,168.0,302.0,433.0,489.0,541.0,513.0,417.0,402.0,447.6,766.3,726.5,666.5,532.0,460.6,296.20000000000005,,,,,
"VENEZUELA, BOLIVARIAN REPUBLIC OF",Business and professional,,Thousands,249.0,322.0,230.0,169.0,185.0,273.0,259.0,215.0,186.0,145.0,124.0,147.1,221.6,259.1,190.1,257.4,140.7,131.1,,,,,
VIET NAM,Total,,Thousands,2140.0,2330.0,2628.0,2429.0,2928.0,3477.0,3583.0,4229.0,4236.0,3747.0,5050.0,6014.0,6848.0,7572.0,7874.0,,,,,,,,
VIET NAM,Personal,,Thousands,1720.0,1935.0,2182.0,1961.0,2406.0,2981.0,3007.0,3555.0,3392.0,3005.0,4026.0,5011.0,5682.0,6305.0,6552.0,,,,,,,,
VIET NAM,Business and professional,,Thousands,420.0,395.0,446.0,468.0,522.0,496.0,576.0,674.0,844.0,742.0,1024.0,1003.0,1166.0,1267.0,1322.0,,,,,,,,
YEMEN,Total,,Thousands,,,,,,,,,,,,,,,,,,,,,,,
YEMEN,Personal,,Thousands,,,,,,,,,,,,,,,,,,,,,,,
YEMEN,Business and professional,,Thousands,,,,,,,,,,,,,,,,,,,,,,,
ZAMBIA,Total,,Thousands,457.0,492.0,565.0,413.0,515.0,669.0,756.0,897.0,811.0,710.0,815.0,920.1,858.6,914.6999999999999,947.0,931.7,956.3,1009.2,1071.7,1266.4,501.5,554.3,
ZAMBIA,Personal,,Thousands,256.0,291.0,317.0,257.0,355.0,416.0,466.0,557.0,472.0,381.0,373.0,349.5,385.0,379.4,513.0,349.6,407.8,410.1,445.3,686.0,286.9,343.2,
ZAMBIA,Business and professional,,Thousands,201.0,201.0,248.0,156.0,160.0,253.0,290.0,340.0,339.0,329.0,442.0,570.6,473.6,535.3,434.0,582.1,548.5,599.1,626.4,580.4,214.6,211.1,
ZIMBABWE,Total,,Thousands,1966.0,2217.0,,,1854.0,1558.0,2287.0,2506.0,1956.0,2017.0,2239.0,2423.0,1794.0,1832.6,1880.0,2056.6,2167.7,2423.0,2579.9,2294.2999999999997,639.3000000000001,380.8,1043.8000000000002
ZIMBABWE,Personal,,Thousands,1614.0,1781.0,,,1261.0,1293.0,1894.0,2128.0,1827.0,1881.0,1896.0,2006.0,1425.0,1595.1999999999998,1695.6,1896.7,2025.5,2257.4,2277.5,2073.7,538.7,275.1,869.4000000000001
ZIMBABWE,Business and professional,,Thousands,352.0,436.0,,,593.0,265.0,393.0,378.0,129.0,136.0,343.0,417.0,369.0,237.4,184.4,159.9,142.2,165.6,302.4,220.6,100.6,105.7,174.4
